Date,Open,High,Low,Close,Adj Close,Volume,MACD_12_26_9,MACDh_12_26_9,MACDs_12_26_9,RSI_14,EFI_2,EMA_11,EMA_22,KCLe_20_3.0,KCBe_20_3.0,KCUe_20_3.0
2019-09-20,18.6,20.48,18.2,19.87,19.87,30945446.0,,,,,,,,,,
2019-09-27,20.09,22.08,18.0,18.24,18.24,17584128.0,,,,,-28662128.640000045,,,,,
2019-10-04,18.25,18.73,15.51,17.27,17.27,12296543.0,,,,,-17505807.35333334,,,,,
2019-10-11,17.27,17.7,16.11,16.47,16.47,6919788.0,,,,,-9525822.717777785,,,,,
2019-10-18,16.5,16.5,15.25,15.29,15.29,5210923.0,,,,,-7274533.665925927,,,,,
2019-10-25,15.37,16.3,14.5,16.17,16.17,5372358.0,,,,,726938.8046913664,,,,,
2019-11-01,16.3,17.19,15.58,16.83,16.83,4654899.0,,,,,2290468.4948971113,,,,,
2019-11-08,17.34,17.49,15.55,16.12,16.12,5856985.0,,,,,-2008816.7350342856,,,,,
2019-11-15,15.94,17.12,15.78,16.74,16.74,3030617.0,,,,,583049.4483218995,,,,,
2019-11-22,16.79,17.99,16.18,17.77,17.77,4155857.0,,,,,3048038.289440636,,,,,
2019-11-29,17.8,19.8,17.74,19.48,19.48,4280716.0,,,,,5896029.003146881,17.295454545454547,,,,
2019-12-06,19.37,19.44,17.72,18.48,18.48,5595654.0,,,,,-1765092.9989510393,17.492878787878787,,,,
2019-12-13,18.45,18.57,16.92,17.95,17.95,3238308.0,,,,,-1732566.4929836823,17.569065656565655,,,,
2019-12-20,18.2,19.2,17.38,18.12,18.12,7594441.0,,,,,283181.14900544775,17.660888047138048,,,,
2019-12-27,18.29,18.29,16.635,16.69,16.69,2624851.0,,,,39.9236138996197,-2407964.236998183,17.49907337261504,,,,
2020-01-03,16.7,17.35,16.2,17.17,17.17,3118673.0,,,,43.4057128599952,195320.61433393974,17.444227810512533,,,,
2020-01-10,17.15,18.12,16.98,17.48,17.48,3946838.0,,,,45.598775928359586,880786.7247779765,17.450189842093778,,,,
2020-01-17,17.7,19.3,17.63,18.6,18.6,4086600.0,,,,52.72630629982872,3344923.5749259945,17.641824868411483,,,,
2020-01-24,18.56,18.9,17.72,17.77,17.77,2218147.0,,,,47.735022236528785,-112400.1483580044,17.6631873903429,,,,
2020-01-31,17.34,18.37,17.02,17.86,17.86,2731733.0,,,,48.30646179049291,126437.26388066495,17.695989491952417,,12.114552631578947,17.5185,22.922447368421054
2020-02-07,18.0,18.395,17.52,18.17,18.17,3907149.0,,,,50.321270753796234,849623.2146268941,17.77499124329368,,12.441261904761904,17.580547619047618,22.719833333333334
2020-02-14,18.23,19.23,17.22,17.75,17.75,10697304.0,,,,47.61357014772304,-2712037.3817910473,17.770826036078066,17.558636363636364,12.37257029478458,17.596685941043084,22.820801587301588
2020-02-21,17.7,21.35,17.24,21.02,21.02,25150844.0,,,,63.90034879234981,53924827.45940298,18.312355030065056,17.859624505928853,12.021849314328906,17.922715851419934,23.823582388510964
2020-02-28,19.75,22.69,19.0,21.3,21.3,23685181.0,,,,64.90644321302445,22396176.273134347,18.810295858387548,18.158787592369823,11.851196998678533,18.24436196080851,24.63752692293849
2020-03-06,21.69,25.02,20.38,22.77,22.77,16607143.0,,,,69.68348459448521,23740392.23104477,19.47024654865629,18.559762584337665,11.565368713090102,18.675375107398178,25.785381501706254
2020-03-13,21.25,22.26,17.6,19.06,19.06,13337809.0,1.20142122474439,,,50.864769872086015,-25075383.516318414,19.401872123880242,18.603261490047434,10.802000264224377,18.71200604955073,26.622011834877085
2020-03-20,16.59,23.18,15.05,21.72,21.72,14883110.0,1.3058530240495507,,,59.342719554655446,18034253.894560527,19.788226769900202,18.87428223004331,9.518952620012533,18.998481663879232,28.47801070774593
2020-03-27,20.93,23.0,19.53,21.96,21.96,12576161.0,1.3919365930316623,,,60.013112946360344,8023603.724853526,20.150188974916837,19.14260551438737,9.712385703820864,19.28053102922407,28.848676354627273
2020-04-03,22.1,26.28,21.21,24.08,24.08,17734787.0,1.6126352685244036,,,65.43485751733414,27739700.20161781,20.805157479097364,19.571944165310207,9.632158493933161,19.737623312155108,29.843088130377055
2020-04-09,24.5,24.51,21.18,21.18,21.18,9443623.0,1.535830694981403,,,54.54079754152603,-9011104.39946072,20.86763123258114,19.711775107457147,9.780524351653813,19.87499252052129,29.969460689388765
2020-04-17,21.35,25.9,21.31,24.83,24.83,18770532.0,1.7493219186160154,,,62.91051745730316,42671259.733513065,21.52802602715095,20.156838141591308,9.865236318162976,20.34689799475736,30.82855967135174
2020-04-24,25.0,27.59,23.02,23.28,23.28,20392980.0,1.7730051061517855,,,58.02482143502788,-6848992.755495602,21.82002168929246,20.428417433626848,9.837118573576024,20.626241042875705,31.415363512175386
2020-05-01,23.91,24.78,22.35,22.84,22.84,20849907.0,1.7362554085669686,,,56.679170756971224,-8398970.305165218,21.990018074410386,20.638120265485384,10.381202518949735,20.837075229268493,31.29294793958725
2020-05-08,22.88,29.98,22.53,26.26,26.26,29129045.0,1.960497036857305,0.37530189513247336,1.5851951417248316,63.72163079345961,63614565.831611626,22.701681728675325,21.12697937283448,9.764897517144998,21.353544255052444,32.942190992959894
2020-05-15,26.38,30.78,26.38,29.49,29.49,36574906.0,2.371506893359907,0.6290494013080603,1.7424574920518467,68.86896420908931,99962819.53053713,23.833068107229437,21.854198557805393,10.352050134559763,22.12844480219031,33.90483946982086
2020-05-22,28.28,29.8,26.52,28.26,28.26,20090476.0,2.5683777849974447,0.6607362343564782,1.9076415506409665,65.08206998896759,16846749.523512423,24.570890089357867,22.411224770170143,11.120426312220738,22.712402440076946,34.304378567933156
2020-05-29,28.84,29.22,25.85,29.07,29.07,19641380.0,2.757967483175033,0.680260746027253,2.07770673714778,66.39263531154566,16221928.374504123,25.320741741131556,22.99024870319883,11.867052377723523,23.31788792197438,34.76872346622523
2020-06-05,29.14,30.59,27.29,29.14,29.14,16009343.0,2.880660637209612,0.642363120049465,2.238297517160147,66.50961971526063,6154412.1315013785,25.957284784276297,23.52500968552937,12.569237865559376,23.872374786548246,35.17551170753711
2020-06-12,29.49,29.66,27.923,28.82,28.82,17414422.0,2.9184326452172193,0.5441081024456578,2.3743245427715616,65.3890594479716,-1663605.9828328765,26.434403986896918,23.98544362591812,13.62064378312515,24.343577187829364,35.066510592533575
2020-06-19,29.0,38.48,28.81,36.0,36.0,60477250.0,3.487531139864579,0.8905652776744137,2.5969658621901655,75.40278756731288,288929901.33905566,28.028669989080765,25.03018765844698,12.989153899017992,25.453712693750376,37.91827148848276
2020-06-26,36.32,37.66,34.052,35.53,35.53,40219320.0,3.856169206726591,1.0073626756291403,2.8488065310974506,73.89562799653736,83707913.5130186,29.278891657567303,25.943214818582025,14.105044003873424,26.41335910386939,38.721674203865355
2020-07-02,35.34,37.35,33.2304,36.47,36.47,20893258.0,4.176029011741253,1.0617779845150417,3.1142510272262114,74.97307045147451,40995746.1843395,30.47740971463942,26.858587443053153,15.058011241599761,27.3711344273104,39.68425761302103
2020-07-10,37.34,42.597,37.07,40.08,40.08,32436912.0,4.667018556846855,1.2422140236965151,3.4248045331503403,78.62233345813266,91730083.60811315,32.077841428866186,28.008275491483317,15.690486361447403,28.58150257709036,41.47251879273332
2020-07-17,40.75,41.09,34.46,37.02,37.02,32838417.0,4.754409014615103,1.0636835851718098,3.690725429443293,69.38658652533475,-36413676.143962175,32.90153452405516,28.791903709615205,15.827582898452413,29.385168998319852,42.94275509818729
2020-07-24,37.0,39.12,35.0,35.72,35.72,17692844.0,4.664992318967826,0.7794135116196261,3.8855788073482,65.84764836488091,-27471690.18132077,33.37127877004596,29.394346865300843,16.54495595574266,29.988486236575106,43.43201651740755
2020-07-31,36.49,42.06,36.16,41.62,41.62,21302165.0,5.012429468315769,0.901480528774055,4.110948939541714,72.66241439189349,74631285.60622638,34.746065641704966,30.45744713788338,17.121626817100505,31.096249452139382,45.07087208717826
2020-08-07,42.29,45.28,39.6161,40.06,40.06,35787404.0,5.103071913322665,0.7936983790247609,4.3093735342979045,68.75583063873219,-12341804.957924422,35.631721368087476,31.292451734589175,17.687976644043314,31.949939980507057,46.211903316970805
2020-08-14,39.54,40.07,36.04,38.5,38.5,39111763.0,4.991488963817272,0.5456923436154941,4.445796620201778,64.9928041624968,-44790168.50597487,36.10976780673956,31.919195062016207,18.518645535086804,32.573755220458764,46.628864905830724
2020-08-21,37.73,40.49,37.69,38.92,38.92,22729811.0,4.880687633420543,0.34791281057501156,4.532774822845531,65.5396399473917,-8565709.088658266,36.57813983894964,32.52796070879741,19.661631674602347,33.17815948517698,46.694687295751606
2020-08-28,38.41,40.84,37.23,39.65,39.65,19585720.0,4.796490720620589,0.21097271822004693,4.585518002400542,66.51859232383842,6676480.703780537,37.09011653245803,33.14726847324981,20.533857229402123,33.79452524849346,47.05519326758479
2020-09-04,39.7,40.4,32.81,34.77,34.77,32451714.0,4.286575866197602,-0.23915370896235277,4.525729575159954,55.224416696789405,-103350749.31207305,36.70343044371503,33.28837556253244,19.721108921840013,33.88742760577979,48.05374628971957
2020-09-11,33.06,35.12,32.695,34.17,34.17,21914241.0,3.790356810838304,-0.588298211457321,4.378655022295625,54.01018035773118,-43215946.17069104,36.28119203642919,33.365038557094834,20.40433664356954,33.914339262372195,47.424341881174854
2020-09-18,34.48,37.1809,34.15,37.1,37.1,32309688.0,3.5921184419860026,-0.629229264247698,4.221347706233701,58.776842747530296,48706275.16976964,36.41766003035766,33.689817812999635,21.128428391801013,34.21773552309865,47.3070426543963
2020-09-25,36.5,40.6,36.5,40.04,40.04,22417546.0,3.6303975724637,-0.4727601070160006,4.1031576794797004,62.92880731679577,60173815.216589846,37.02138335863138,34.242007568390974,21.758101878296156,34.772236901851166,47.78637192540617
2020-10-02,40.17,42.58,39.52,41.75,41.75,16779867.0,3.7554265485078915,-0.2781849047774472,4.033611453285339,65.12875953283982,39186986.785529956,37.80948613219282,34.894876475487415,22.78780646131557,35.43678576834153,48.08576507536749
2020-10-09,42.02,46.37,41.66,46.35,46.35,22093902.0,4.177538406679176,0.11514156271506959,4.062396843964106,70.24431749580005,80816961.72850999,39.23290511016069,35.89097417327112,23.68611060785694,36.476139504689954,49.26616840152297
2020-10-16,47.12,61.86,47.0,58.29,58.29,78133285.0,5.413124182663189,1.080581870959266,4.332542311703923,78.8977096561275,648879935.8428366,42.40908759180057,37.838715549508414,22.550290549965805,38.553650028052814,54.55700950613982
2020-10-23,58.56,60.16,54.21,55.82,55.82,19377908.0,6.122450654643103,1.4319266743513435,4.6905239802917595,74.09711457348023,184384356.7742789,44.644239659833815,39.402305501725074,24.018834307111923,40.19806431109541,56.37729431507889
2020-10-30,55.07,57.75,50.54,51.97,51.97,17164640.0,6.30129674346334,1.2886182105372637,5.012678532926076,67.23045969307987,17405542.924759634,45.86519971652818,40.49514850157507,24.620850087386984,41.31920104337204,58.017551999357096
2020-11-06,52.87,71.77,50.95,64.47,64.47,29744481.0,7.3667596706761955,1.8832649102000953,5.4834947604761,75.25005047904158,253672522.64158654,48.96599976377348,42.57991819709029,22.467435793350134,43.52403903924137,64.58064228513261
2020-11-13,63.01,66.1399,58.34,63.77,63.77,33296737.0,8.06173193933953,2.0625897430907436,5.999142196248787,74.15559402255789,69019030.28052895,51.4333331364779,44.42253400603896,24.172470479697736,45.45222579740886,66.73198111511998
2020-11-20,60.39,68.206,60.0,66.55,66.55,28085296.0,8.736120674738558,2.189582782791817,6.546537891946741,75.66909069731697,75057758.6801762,53.952777613731584,46.3466614837747,25.863854243536043,47.461537626227056,69.05922100891807
2020-11-27,67.0,74.93,64.59,74.76,74.76,19356550.0,9.819859761735074,2.618657495830666,7.201202265904408,79.4892353825379,130964103.2267255,57.42064801144299,48.81738657214213,27.566344315580224,50.061391185634,72.55643805568778
2020-12-04,74.15,77.84,68.83,77.35,77.35,33095540.0,10.763645544860722,2.8499546231650505,7.913690921695672,80.52790049065248,100799666.80890825,60.74220667620249,51.298483391955855,29.73335914266782,52.66030631081171,75.5872534789556
2020-12-11,77.37,86.21,75.73,82.41,82.41,29904848.0,11.784062947083264,3.0962976203100734,8.68776532677319,82.40277933289663,134478909.52296945,64.35350556350207,54.00383266222057,31.755896367175648,55.493610471686786,79.23132457619792
2020-12-18,83.26,84.2,79.61,83.81,83.81,28228742.0,12.56092486680653,3.0985276320266717,9.462397234779859,82.89355431166445,71173129.04098994,67.59625463625173,56.59567330028835,35.402001475063685,58.19040947438329,80.97881747370289
2020-12-24,85.33,88.77,81.25,84.98,84.98,20213921.0,13.11976625842098,2.9258952189128973,10.193871039508084,83.31241945122257,39491234.72699667,70.49354553020979,59.06387562200241,37.97514419172428,60.74179904825154,83.5084539047788
2020-12-31,86.73,86.73,74.51,75.99,75.99,22226226.0,12.690940952609836,1.9976559304814003,10.693285022128435,69.27601576080106,-120045436.25100122,71.40962127517483,60.53571252443699,38.10417807822674,62.19400866270378,86.28383924718082
2021-01-08,77.56,81.94,71.01,79.15,79.15,22541684.0,12.462420374522928,1.4153082819155927,11.047112092607335,71.1179981313065,7472668.876333073,72.69968439597902,62.15434621796421,38.890446832681334,63.808864980541514,88.7272831284017
2021-01-15,78.0,84.78,75.69,77.85,77.85,19739655.0,12.0376544472523,0.7924338837159723,11.245220563536328,69.27788919055959,-14616811.37455579,73.55807032998251,63.51918567727167,40.0037376105212,65.14611593477565,90.2884942590301
2021-01-22,79.35,84.99,79.16,83.47,83.47,12296228.0,12.015998470647084,0.6166223256886028,11.399376144958481,72.5807972293854,41197597.115148105,75.21005860831876,65.25403909663936,42.10338164761441,66.8912477505113,91.67911385340818
2021-01-29,85.0,87.15,71.5,76.66,76.66,21831180.0,11.318849218655565,-0.06442154104233389,11.383270759697899,63.650918059312325,-85381024.82828398,75.4517155069323,66.24586178388812,40.923059585936834,67.82160510760545,94.72015062927406
2021-02-05,77.75,85.94,76.55,85.56,85.56,13632040.0,11.353631437537942,-0.023711457727966234,11.377342895265908,69.01613216652576,52423095.72390538,77.13642958911025,67.92535206355002,42.49133962537142,69.51097604973826,96.53061247410511
2021-02-12,87.0,95.77,83.33,85.95,85.95,31280063.0,11.282607461590644,-0.07578834694021275,11.358395808530856,69.23045770874965,25607181.621301804,78.60535799092521,69.49271275367612,43.07597394676462,71.07659737833463,99.07722080990463
2021-02-19,84.81,87.06,80.2618,82.17,82.17,23216513.0,10.796846711642289,-0.4492392775108556,11.246085989153144,64.568474532487,-49969885.55289942,79.19946499243767,70.59508555770428,44.85687166612037,72.13311191373133,99.40935216134228
2021-02-26,81.49,82.67,70.565,73.97,73.97,28097708.0,9.639092885196803,-1.2855944831650739,10.924687368361877,55.79144002135637,-170257432.25096652,78.32788749369806,70.88855637877347,44.17097912648984,72.3080536362331,100.44512814597635
2021-03-05,75.41,77.49,60.96,67.03,67.03,29281071.0,8.068555352965205,-2.2849056123173366,10.353460965282542,49.64110187162133,-192226232.5769888,76.44490624474838,70.553029737141,41.62517159063367,71.80538186135375,101.98559213207383
2021-03-12,65.69,76.78,61.77,76.3,76.3,26848684.0,7.485615060157372,-2.2942767241001363,9.779891784257508,56.53378336461038,101849456.26100364,76.42075520395699,71.05276628173743,40.638964772478076,72.23344073170101,103.82791669092394
2021-03-19,76.0,77.04,69.3274,71.69,71.69,18352853.0,6.575840015249142,-2.5632414152066936,9.139081430455835,52.6727474768335,-22454616.132998772,75.6322960032975,71.10817790941243,41.392606222718264,72.18168447153901,102.97076272035977
2021-03-26,72.0,75.0,64.02,67.57,67.57,14100617.0,5.459453982739859,-2.943701958172781,8.40315594091264,49.4240091407347,-46214566.737666294,74.28858000274792,70.8005102651157,40.74854848722128,71.74247642663053,102.73640436603978
2021-04-01,67.18,74.22,63.25,71.79,71.79,10669286.0,4.859214738093101,-2.8351529622556324,7.694367700348733,52.64572941888925,14611402.367444655,73.87215000228994,70.88655285075782,40.5705914884383,71.74700248123715,102.92341347403598
2021-04-09,72.58,73.73,69.51,70.88,70.88,18688066.0,4.260973566497,-2.746715307081387,7.007688873578387,51.87829242864636,-6466959.250851915,73.37345833524162,70.88598303764846,42.25148753715847,71.66443081635742,101.07737409555638
2021-04-16,69.75,79.81,68.31,74.24,74.24,27943421.0,4.011742180585557,-2.396757354394265,6.408499534979822,54.51481856404032,60437609.956382684,73.51788194603469,71.1776366865486,42.01229824790528,71.90972311956148,101.80714799121768
2021-04-23,73.8,83.47,70.51,82.72,82.72,18949124.0,4.44722480210126,-1.5690197863028494,6.01624458840411,60.410243806343026,127271584.3321276,75.05156828836225,72.18132045293568,42.18636508143811,72.93927329865086,103.69218151586361
2021-04-30,81.5,88.04,80.8901,84.74,84.74,22552105.0,4.898873866797601,-0.8938965772852079,5.792770444082809,61.68422500857854,72794029.51070915,76.66630690696854,73.27337954398476,44.19626364511067,74.06315203211268,103.9300404191147
2021-05-07,84.82,85.38,67.43,71.62,71.62,32397471.0,4.150292662593344,-1.3139822251915714,5.464274887784915,50.35095887318747,-259105203.17643005,75.82525575580712,73.12960740972522,41.67947663129061,73.83047088619719,105.98146514110377
2021-05-14,69.9,72.64,64.84,72.3,72.3,21222844.0,3.570745648899475,-1.5148233911083526,5.085569040007828,50.85494727354869,-76747378.4454768,75.23771312983926,73.05746763496651,42.36714552354865,73.68471175417841,105.00227798480816
2021-05-21,69.0,75.79,68.16,74.8,74.8,17232654.0,3.275422539607689,-1.4481172003201115,4.7235397399278005,52.753804440807706,3138630.5181743987,75.16476094153272,73.2089921884477,43.27598880702021,73.7909296823519,104.30587055768359
2021-05-28,75.85,83.8,75.18,82.06,82.06,18206987.0,3.5858625817339913,-0.9101417265550475,4.496004308289039,57.847334049568296,89168027.25272486,76.31396745127726,73.97864504162617,44.398275587304,74.57846018879458,104.75864479028516
2021-06-04,82.33,84.12,80.32,83.08,83.08,8044589.0,3.8695878274826896,-0.501133184645079,4.370721012127769,58.523881609033374,35192996.27090827,77.44163954273105,74.77006721191954,46.99653505517982,75.38813064700463,103.77972623882944
2021-06-11,83.07,94.4,82.2,94.0,94.0,16737437.0,4.918892930818785,0.4385375349528129,4.480355395865972,65.00042407004041,133579540.11696944,80.20136628560923,76.44223528044829,47.987341240400774,77.16068963300418,106.33403802560758
2021-06-18,94.7,102.4464,92.0,101.68,101.68,25053150.0,6.29759188151435,1.4537891885187015,4.843802692995649,68.70198704678278,172798641.37232327,83.78113857134102,78.63682351693106,50.116242074648326,79.49586204890855,108.87548202316877
2021-06-25,100.98,109.98,96.61,104.84,104.84,27105410.0,7.558081465318409,2.171423017858208,5.386658447460201,70.10305660037349,114701610.85744104,87.29094880945085,80.91536060241532,51.50802854372943,81.90958947282202,112.3111504019146
2021-07-02,105.78,108.0,103.28,106.02,106.02,10517069.0,8.553643601172666,2.533588122969972,6.0200554782026945,70.63174607482341,46507297.89914696,90.41245734120905,83.09837272394444,55.35107344432663,84.20581904683897,113.0605646493513
2021-07-09,106.41,110.9441,101.7001,108.97,108.97,10539094.0,9.471492640931146,2.761149730182761,6.710342910748385,71.9664257306748,36229317.49971567,93.5053811176742,85.34807944360145,57.81649502105743,86.56431247094955,115.31212992084167
2021-07-16,110.3,111.9699,101.35,102.66,102.66,11274919.0,9.579306075033315,2.295170531427944,7.284135543605371,65.14646611376378,-35353386.76009479,95.03115093139517,86.85346383981002,59.0530478761948,88.09723509276387,117.14142230933294
2021-07-23,101.0,117.4,99.5138,117.24,117.24,12486943.0,10.71768633166569,2.7468406304482533,7.970845701217436,71.79704354713499,109588623.70663504,98.73262577616265,89.49577133200044,59.48431950703339,90.87273651250064,122.26115351796788
2021-07-30,116.93,122.77,112.27,118.63,118.63,11459163.0,11.598324010432748,2.9019826473722503,8.696341363060498,72.33894857345726,47148365.61554502,102.04885481346888,92.02918252052214,62.1172414587445,93.51628541607201,124.91532937339952
2021-08-06,119.27,122.235,114.84,118.82,118.82,13120977.0,12.171264368322227,2.779938404209382,9.391325964112845,72.41696643718362,17378112.29184832,104.84404567789073,94.35881882308544,65.40464703410215,95.92616299549371,126.44767895688527
2021-08-13,117.98,127.7,116.38,121.75,121.75,27936556.0,12.715177590391534,2.659081301022951,10.056096289368583,73.65116623394853,60362110.150616236,107.66170473157561,96.74066066455627,67.53658541180671,98.38557604354193,129.23456667527716
2021-08-20,119.52,122.415,115.0025,119.96,119.96,13562011.0,12.85362609668067,2.2380238458496695,10.615602250831001,71.54499915756637,3936703.59020536,109.71142060964635,98.75973365024704,70.41143442020608,100.44028308701414,130.4691317538222
2021-08-27,121.16,125.75,120.1,123.57,123.57,7918534.0,13.103594287115968,1.990393629027972,11.113200658087996,73.20895464902254,20369506.356735114,112.02118384137196,100.91714811544296,73.8198692373293,102.64311326920327,131.46635730107724
2021-09-03,122.59,131.594,119.27,130.44,130.44,14797833.0,13.6981437891708,2.0679545048662433,11.630189284304556,76.07609757851581,74563910.59224509,115.09098653447664,103.48435262714358,75.69111978615508,105.29043581499343,134.88975184383176
2021-09-10,131.01,132.09,126.51,127.48,127.48,7782350.0,13.771729367257393,1.7132320663622682,12.058497300895125,72.47711109580212,9497466.197415065,117.15582211206387,105.57093065956587,79.02910837794984,107.40372764213691,135.77834690632397
2021-09-17,127.99,134.54,120.83,131.41,131.41,17681552.0,13.985943374393528,1.5419568587987218,12.443986515594807,74.22086747920731,49491488.30580493,119.53151842671988,107.81780625438624,80.10062186576414,109.69003929526673,139.27945672476932
2021-09-24,125.28,137.07,124.84,130.36,130.36,14934226.0,13.910630207626753,1.1733149536255567,12.737315254001196,72.8920858855529,6043204.568601815,121.33626535559992,109.7779970148744,81.39294359283423,111.6586069814318,141.92427037002938
2021-10-01,127.99,128.6,108.93,114.98,114.98,20919395.0,12.466203878021716,-0.21688910078358425,12.6830929788053,56.8399454715146,-212479128.54379952,120.27688779633328,110.2303451005375,78.46885372685001,111.97493012605734,145.48100652526466
2021-10-08,114.0,139.9,111.57,139.66,139.66,25517029.0,13.161240755077344,0.38251822101763366,12.77872253405971,68.73734275969001,349013807.6320666,123.50740649694441,112.78944552657772,76.20229622905478,114.61160344738522,153.02091066571566
2021-10-15,135.325,168.95,134.93,167.69,167.69,27930495.0,15.791811063253945,2.4104708233553858,13.38134023989856,76.62006066780593,638265785.7773556,130.871172080787,117.5634067851362,75.1954108739067,119.66668883334853,164.13796679279037
2021-10-22,167.6,184.4668,167.0,181.35,181.35,26618062.0,18.76252214728686,4.3049455259106395,14.45757662137622,79.3523851388098,455157079.8724518,139.2843100673225,123.11006706468957,80.31485745734415,125.54128989683915,170.76772233633415
2021-10-29,182.0,196.8,174.74,194.72,194.72,17269800.0,21.942737131674036,5.9881284082382535,15.954608723435783,81.61689005444475,305650510.62415063,148.52359172276874,129.33701775471658,84.90772817569231,132.12973847809255,179.35174878049278
2021-11-05,194.75,218.0,188.63,197.26,197.26,16190446.0,24.386919958397073,6.74584898796903,17.641070970428043,82.0203238123416,129299325.43471679,156.64632643564062,135.24336403691515,87.21651596848352,138.332620527798,189.4487250871125
2021-11-12,194.5,211.26,192.56,204.76,204.76,13738838.0,26.622254994053037,7.1849472188999925,19.437307775153045,83.19319581957944,111793965.1449056,164.66527202970053,141.28828890327037,93.06827635243748,144.6590376203887,196.2497988883399
2021-11-19,205.64,221.64,204.64,211.04,211.04,13317751.0,28.571167002113356,7.307087381568248,21.264079620545107,84.12690866632214,93021639.23496854,172.3943933580838,147.3536550855947,99.4465357474434,150.9810340374945,202.5155323275456
2021-11-26,209.73,212.5,178.42,200.12,200.12,16527337.0,28.90138390868927,6.10984343051533,22.79154047817394,76.19955378848479,-89311800.28167701,177.01532779840315,151.94203290423866,99.29734186673451,155.66093555773313,212.02452924873174
2021-12-03,197.5,199.21,150.2,159.69,159.69,27396855.0,25.605555172716663,2.251211755634177,23.354343417082486,55.389033327977856,-768207165.1938924,174.12777316533598,152.61576917343533,90.78616645085502,156.04465598080614,221.30314551075725
2021-12-10,153.47,170.4,139.69,140.48,140.48,24299940.0,21.199130320627404,-1.7241704771640656,22.92330079779147,48.59770700389173,-567270286.6646309,168.51981097111332,151.56048489748443,86.74462678886881,154.56230779215792,222.37998879544705
2021-12-17,140.46,147.74,127.27,134.59,134.59,33502290.0,17.035360076732672,-4.71035257684704,21.745712653579712,46.70674405294516,-320642420.95487666,162.8648424759278,150.08479055857273,85.45275757088129,152.66018324052382,219.86760891016635
2021-12-23,128.48,145.26,123.9,137.27,137.27,13808023.0,13.792800938903639,-6.362329371740859,20.1551303106445,47.70384962896648,-82210472.55829218,158.5990353966065,148.9704609447838,84.28487589746402,151.19445150333107,218.1040271091981
2021-12-31,138.08,141.34,129.07,131.5,131.5,9694038.0,10.634866560958898,-7.616210999748482,18.25107756070738,45.720472490160915,-64693223.692764126,154.0825294971721,147.4512904278461,85.27584009770554,149.31878945539478,213.361738813084
2022-01-07,131.07,132.1,101.77,107.0,107.0,30832380.0,6.085090435093832,-9.732789700490839,15.817880135584671,38.416704948154404,-525159947.897588,146.23544124764342,143.93378691238124,78.67909342173357,145.28842855488097,211.89776368802836
2022-01-14,102.0,122.13,95.58,100.29,100.29,30307413.0,1.9158346050275554,-11.121636424445693,13.037471029473249,36.68807407214536,-310628476.78586257,138.57786770636952,140.1386750069568,73.1515607149018,141.0028639306066,208.8541671463114
2022-01-21,97.1,102.61,87.84,88.55,88.55,22504095.0,-2.309033462460576,-12.27720359354706,9.968170131086485,33.82063516649471,-279674875.7952876,130.23988975530793,135.65270326722143,70.398078742054,136.00735308007262,201.61662741809124
2022-01-28,84.65,94.43,76.61,84.18,84.18,35721913.0,-5.941405498669695,-12.727660503804945,6.786255005135248,32.79320767536367,-197294798.4717623,122.56324146275661,131.17681602659349,66.61921409995364,131.07141469149428,195.52361528303493
2022-02-04,86.5,106.08,86.47,103.19,103.19,33838438.0,-7.203105464375739,-11.19148837560879,3.9883829112330513,41.166216750577206,363080871.4294123,119.33436788563051,128.74317985036797,63.845003233291365,128.41604186373291,192.98708049417445
2022-02-11,103.65,123.12,102.13,104.92,104.92,39428757.0,-7.97152446355426,-9.567925899829849,1.5964014362755892,41.87591412674578,166501456.88313755,116.93197323802544,126.67159899381423,61.75976483012077,126.17832359099646,190.59688235187213
2022-02-18,104.87,115.68,94.02,95.87,95.87,25356735.0,-9.20465587928041,-8.640845852444798,-0.5638100268356105,39.211239688193714,-97485148.87228742,113.42164436502121,123.99319908130865,58.81978722725212,123.29181658233013,187.76384593740812
2022-02-25,94.8,109.9,86.858,109.27,109.27,24529774.0,-8.996942249102545,-6.746505777813548,-2.2504364712889977,44.81104500587347,186637598.10923737,112.72970363751767,122.7129209003253,57.041140824656694,121.95640547925107,186.87167013384544
2022-03-04,110.61,123.36,97.27,100.91,100.91,34201333.0,-9.398568980454897,-5.718506007332719,-3.680062973122178,42.199241790321345,-128402896.5502542,110.75975303126472,120.81701473507962,53.76484169849891,119.9519859097986,186.13913012109828
2022-03-11,103.88,105.34,88.67,88.72,88.72,23732604.0,-10.578549251680172,-5.518789022846395,-5.0597602288337775,38.6608278206938,-235667927.35675135,107.08646085938727,118.0259699755075,52.33104725102284,116.97751106124635,181.62397487146984
2022-03-18,88.32,110.3,80.85,109.84,109.84,35044219.0,-9.69769562655263,-3.7103483181750816,-5.987347308377548,46.959134596251154,414866627.7344163,107.5453840494894,117.31414649937642,49.39380465568732,116.2977481030324,183.2016915503775
2022-03-25,106.7,123.4499,100.54,119.63,119.63,27566560.0,-8.116084431634448,-1.7029896986055197,-6.413094733028928,50.314607685233184,318206624.1781386,109.55948670790784,117.51552506464805,49.53728040276472,116.61510542655313,183.69293045034152
2022-04-01,119.8,132.45,119.06,123.5,123.5,24935556.0,-6.475721422150016,-0.050101351296869545,-6.425620070853147,51.61760487567133,170402609.20604628,111.8829055899232,118.03591418946127,52.75563465012047,117.2708096716433,181.78598469316614
2022-04-08,124.0,128.4,107.14,109.77,109.77,19133065.0,-6.212009988255943,0.1708880660777634,-6.382898054333706,46.91665075155239,-118330451.89798462,111.53075465826933,117.3171390425516,52.111288492966125,116.55644684577251,181.0016051985789
2022-04-14,107.27,122.52,104.125,113.98,113.98,15580495.0,-5.598765873515504,0.6273057446545627,-6.226071618170066,48.46644660831526,4285772.000671864,111.93896221522445,117.02695303885147,52.74783244601697,116.31107095569894,179.87430946538092
2022-04-22,112.56,113.5515,95.03,95.22,95.22,16385001.0,-6.5510245770833535,-0.2599623671306288,-6.291062209952725,42.510535872323445,-203493155.17310944,109.15246851268705,115.1306962528644,51.378515070205836,114.30239753134666,177.2262799924875
2022-04-29,94.56,99.495,85.87,86.14,86.14,17195414.0,-7.94677114452729,-1.3245671476596517,-6.622203996867638,39.95149216958448,-171920624.47103646,105.31705709390589,112.60976614391969,50.796275539710045,111.62026443312317,172.44425332653628
2022-05-06,85.97,93.65,60.9,65.61,65.61,41402778.0,-10.587464083185353,-3.1722080690541716,-7.415256014131181,34.84411074352181,-623972896.3836788,98.69921424492158,108.5228299574919,42.849963583547165,107.23833448711143,171.62670539067568
2022-05-13,63.17,67.5966,51.0,66.38,66.38,47782926.0,-12.474303689448107,-4.0472381402535405,-8.427065549194566,35.17882073365825,-183462396.7812264,93.31267853743465,104.85823604814478,40.349033718447444,103.34706453595795,166.34509535346848
2022-05-20,64.2,64.95,51.71,55.69,55.69,38566480.0,-14.66320305401922,-4.988910003859722,-9.674293050159498,32.66964500841141,-336004579.7270754,87.04223211452887,100.58273726134958,37.618649554785776,98.80829648491434,159.9979434150429
2022-05-27,54.59,59.5699,50.03,58.91,58.91,28746240.0,-15.954184572654512,-5.023913217996011,-10.930271354658501,34.19225837260793,-50292931.375691846,82.35352676210739,96.95902097775397,36.92071150194903,95.0084587244463,153.09620594694357
2022-06-03,59.86,59.88,53.9,54.54,54.54,22980476.0,-17.132427248819994,-4.9617247153291935,-12.1707025334908,33.09831493891195,-83714097.20523058,77.71793896842283,93.27041045794928,36.890167549382454,91.15431979830855,145.41847204723464
2022-06-10,55.42,57.4099,45.78,47.36,47.36,23849458.0,-18.433074049247978,-5.0098972126057415,-13.423176836642236,31.32500008945669,-142064104.69507685,72.65828247368569,89.27820085291022,34.564465878012705,86.98343219846964,139.4023985189266
2022-06-17,43.99,45.73,38.96,41.21,41.21,41690354.0,-19.7326340889081,-5.04756580181269,-14.68506828709541,29.84978117073009,-218285152.96502557,67.41690206140474,85.09835730048324,32.79737388963055,82.6240577033773,132.45074151712407
2022-06-24,41.85,51.85,41.85,51.84,51.84,20359922.0,-19.67795737822692,-3.9943112729052075,-15.683646105321714,35.503621675098266,71522262.91832481,64.82075171783728,82.20632623087602,31.570957328713362,79.69224268400804,127.81352803930271
2022-07-01,51.51,52.47,41.9,45.9,45.9,22920499.0,-19.884715426801762,-3.360855457184037,-16.523859969617725,33.861307973060086,-66924421.73389181,61.66729309819774,79.0492543847129,29.915628059312084,76.47393385695965,123.03223965460721
2022-07-08,44.73,54.15,43.8201,52.08,52.08,20284399.0,-19.327107454297135,-2.2425979877435296,-17.084509466553605,37.12028099202192,61263583.30203606,60.06941091516478,76.70410182952047,29.075120625091877,74.15070206105872,119.22628349702558
2022-07-15,51.94,53.56,43.67,46.6,46.6,24466797.0,-19.107134171516606,-1.618099763970399,-17.489034407546207,35.45209733274964,-68964170.60598792,57.824509095970654,74.08635384434477,27.918442470321224,71.52682567429123,115.13520887826124
2022-07-22,47.92,56.2988,46.87,51.65,51.65,25665487.0,-18.31419630983367,-0.660129521829969,-17.6540667880037,38.20797866334662,63419082.69800398,56.79542424664221,72.1353665535322,27.407505092195393,69.63379465769206,111.86008422318874
2022-07-29,51.25,51.445,45.2467,50.32,50.32,20282284.0,-17.590336773645227,0.050984011486779224,-17.641320785132006,37.750837931386826,3156069.0860013515,55.716186872201845,70.23837815757287,27.76013317865298,67.79438564267377,107.82863810669457
2022-08-05,49.61,74.56,48.53,74.24,74.24,44661478.0,-14.914602529923286,2.181374604166976,-17.095977134090262,49.46217808548113,713253725.5353335,58.803489060168204,70.58634527430566,24.749644304495554,68.40825367670485,112.06686304891414
2022-08-12,74.425,80.99,70.03,77.63,77.63,27387459.0,-12.377835216124922,3.774513534372275,-16.152348750497197,50.872824241012324,299646899.1851112,61.941240883473505,71.19883698958343,26.654440085019793,69.28651523130439,111.918590377589
2022-08-19,77.0,80.3187,67.32,68.53,68.53,20045701.0,-10.975207432195994,4.141713054640963,-15.116920486836957,47.074324969259756,-21728286.33829616,63.03936740289459,70.96676420788053,26.928674362636954,69.21446616165636,111.50025796067577
2022-08-26,66.28,68.99,64.25,64.39,64.39,14868806.0,-10.081465351542896,4.02836410823525,-14.109829459778146,45.41301686019046,-48280666.67276539,63.264472835745494,70.39487166806484,29.142133947147734,68.75499319387957,108.36785244061141
2022-09-02,62.59,66.33,57.06,58.71,58.71,17178854.0,-9.719456993748679,3.512297972823575,-13.231754966572254,43.16238631241835,-81144149.37092179,62.50539402978791,69.37879587084181,29.3095497617051,67.79832717541485,106.28710458912461
2022-09-09,58.32,67.12,57.15,65.83,65.83,16826144.0,-8.757091961360054,3.579730404169762,-12.336822365529816,46.72649906509541,52820047.063026026,63.059495024823256,69.07020492555122,29.93911645106651,67.61086744442296,105.28261843777942
2022-09-16,65.46,67.0864,57.3501,58.92,58.92,30053765.0,-8.454531415057168,3.1058327603781173,-11.560364175435286,43.852462297431714,-120840995.07899123,62.36957918735271,68.18757841028591,29.917400598583995,66.78316578304936,103.64893096751472
2022-09-23,58.45,65.29,53.09,54.43,54.43,23607248.0,-8.479311255816377,2.4648423356951277,-10.944153591511505,42.04289528889708,-110944694.03966378,61.046315989460595,66.9912672441741,28.766219589195046,65.60667380371132,102.44712801822759
2022-09-30,54.26,57.97,53.38,55.31,55.31,19584909.0,-8.331895903068556,2.0898061507543595,-10.421702053822916,42.54332397640436,-25491751.399887897,60.0902633245505,65.97550487511549,29.982770104509797,64.62603820335785,99.2693063022059
2022-10-07,56.0,62.95,53.45,55.39,55.39,16964824.0,-8.115067397034586,1.845307725430665,-9.960375122465251,42.591852943071025,-7592459.853295987,59.30688610379208,65.05502619032283,29.688220570746957,63.74641551732377,97.80461046390059
2022-10-14,55.14,55.37,45.62,45.7,45.7,24672502.0,-8.625699565845174,1.067740445296062,-9.693440011141236,38.36502556605578,-161915182.8710986,57.03907175316007,63.371980434642595,28.421723373532963,62.02770927757865,95.63369518162435
2022-10-21,48.77,55.5605,48.24,54.38,54.38,24471432.0,-8.235047281399403,1.1667141837934665,-9.40176146519287,43.75008475652003,87636292.21630043,56.595893127633396,62.59006909249976,28.07665448081555,61.29935601304736,94.52205754527917
2022-10-28,54.32,58.795,51.895,55.35,55.35,18426490.0,-7.7577550667322015,1.3152051187685352,-9.072960185500737,44.33538561138194,41127894.272100136,56.38824427302783,61.960497867065,28.702687387404545,60.73275067847142,92.76281396953829
2022-11-04,54.81,60.09,39.3788,41.09,41.09,40539491.0,-8.432950567300843,0.5120076945599159,-8.944958261860759,38.06473539776774,-371686129.6826333,53.838536894189865,60.145671965581094,23.96494573146125,58.862012518617,93.75907930577276
2022-11-11,41.46,53.77,37.37,53.71,53.71,43693467.0,-7.859124243617572,0.8686672145945504,-8.727791458212122,45.421818470932756,243712325.79912212,53.81711407849156,59.58604831640013,22.112093757036384,58.3713446597011,94.63059556236581
2022-11-18,52.76,57.42,46.305,47.01,47.01,30081540.0,-7.854455480120791,0.6986687824730655,-8.553124262593856,42.53316469756489,-53126770.06695934,52.682595065409636,58.49247889758273,21.307608637318623,57.28931183496766,93.2710150326167
2022-11-25,46.06,46.98,43.78,46.3,46.3,12434937.0,-7.817926329459546,0.5881583465074485,-8.406084675966994,42.22669587205031,-23594793.53565312,51.6188292211747,57.43226334127119,22.764979243288288,56.24271070782789,89.72044217236748
2022-12-02,45.42,50.9725,43.14,48.37,48.37,22392976.0,-7.535085241853608,0.6967995472907091,-8.231884789144317,43.50480172455584,23037375.701448962,51.077357684312254,56.64424044203022,22.965695505832258,55.492928735653805,88.02016196547535
2022-12-09,47.96,51.31,41.32,48.42,48.42,31963924.0,-7.223627577867731,0.8066057690212691,-8.030233346889,43.537294412865286,8744589.367149746,50.63446473692688,55.92908909924498,22.535629267181562,54.81931647511534,87.10300368304912
2022-12-16,48.61,55.51,45.79,47.54,47.54,25745262.0,-6.967486928558358,0.8501971346645139,-7.817684063222872,43.067806718144794,-12189023.917616796,50.11872061410573,55.199603090614985,22.13985505125951,54.12604823939007,86.11224142752064
2022-12-23,47.34,48.18,42.91,43.78,43.78,19155678.0,-6.987348392164307,0.664268536846853,-7.65161692901116,41.03182681711086,-52079907.4925389,49.06226717842144,54.20659412621369,22.695106951139557,53.14071031182912,83.58631367251868
2022-12-30,43.01,45.65,41.62,45.21,45.21,12317187.0,-6.809207391944874,0.6739276296530292,-7.483135021597903,42.15189065614722,-5617584.224179637,48.42022264868454,53.42428159349946,23.687953908173885,52.38540456784539,81.0828552275169
2023-01-06,46.35,47.72,37.56,39.9,39.9,20720317.0,-7.015630170782131,0.3740038806526176,-7.389634051434749,39.176182191129605,-75222450.25472657,47.000185540570456,52.24825710710821,22.329101155014467,51.19631841852678,80.06353568203909
2023-01-13,41.03,44.06,39.47,43.93,43.93,20584790.0,-6.775925736300991,0.49096665210700685,-7.266892388407998,42.49421059471323,30230319.04842448,46.48848795047538,51.52493040214228,23.074901045013085,50.5042880929528,77.93367514089252
2023-01-20,42.51,47.4399,41.52,45.6,45.6,18708214.0,-6.377685216564473,0.7113657374748206,-7.089050954039293,43.86089431468996,30905251.26947485,46.340406625396156,51.00971906282557,23.52874856453565,50.037213036481106,76.54567750842656
2023-01-27,45.83,53.76,42.26,53.11,53.11,27484930.0,-5.393904920855633,1.3561168265469288,-6.7500217474025614,49.65541318676024,147909633.2898249,47.46867218783013,51.19235218779726,23.060296320294164,50.3298594139591,77.59942250762404
2023-02-03,52.04,65.51,49.78,59.43,59.43,31133186.0,-4.057508336800495,2.154010728481653,-6.211519065282149,53.96197242177588,180477701.44327497,49.46222682319178,51.90866938885837,22.029791908837574,51.19653946977252,80.36328703070745
2023-02-10,58.24,64.32,55.3201,60.1,60.1,41855066.0,-2.9107872713806557,2.640585435121195,-5.5513727065018506,54.407234783127585,78854496.62775838,51.235189019326484,52.62095900721852,23.084126012757803,52.044488091698945,81.00485017064008
2023-02-17,60.0,72.41,58.37,64.45,64.45,43849808.0,-1.6321791742980878,3.1353548257630104,-4.767534000061098,57.29509503855217,153449275.40925285,53.4376575161054,53.64957126746039,23.012304487733257,53.22596541629905,83.43962634486483
2023-02-24,63.02,64.4,58.575,59.2,59.2,17209056.0,-1.0306237800106288,2.989528176040375,-4.020151956051004,52.937022258016896,-9081937.530249044,54.39804793008784,54.13221724420296,24.780180250806282,53.79492109093724,82.80966193106819
2023-03-03,60.11,62.46,57.09,61.58,61.58,17746962.0,-0.3577171459676336,2.9299478480666963,-3.28766499403433,54.62211430332689,25131200.52991693,55.59503994173987,54.77985052731575,26.750639274539026,54.536357177514645,82.32207508049027
2023-03-10,62.01,62.75,51.89,52.72,52.72,18205484.0,-0.5332151717633735,2.203559857816765,-2.7367750295801385,47.765634160915155,-99156658.65002766,55.115866618116556,54.60073309015786,26.121054581725787,54.36337077965611,82.60568697758643
2023-03-17,52.01,56.975,50.35,54.53,54.53,26042117.0,-0.5202496344607397,1.773220316095519,-2.2934699505562586,49.1693774120184,-1628065.0366758518,55.0182221817638,54.59458238666587,26.933811288228085,54.37924022921267,81.82466917019725
2023-03-24,53.81,58.64,52.5,56.64,56.64,20441953.0,-0.33584359088219884,1.5661010877392478,-1.9019446786214467,50.828333335599964,28212325.541108042,55.28851848480316,54.772444787825364,28.008686403634933,54.59455068357337,81.1804149635118
2023-03-31,57.26,62.23,55.88,61.66,61.66,15562968.0,0.2129171964329828,1.6918895000435437,-1.4789723036105609,54.622818674437426,61488174.75370264,56.3504320706693,55.37136263236229,29.39928769852684,55.26745061847114,81.13561353841544
2023-04-06,60.7,63.09,55.62,59.08,59.08,15668401.0,0.4346196116066068,1.5308735321737341,-1.0962539205671273,52.38539195485077,-6453591.468765769,56.80536005889108,55.69385283824383,30.09173648914333,55.63055055956912,81.16936462999492
2023-04-14,58.27,65.82,57.03,64.68,64.68,19452172.0,1.050088801710082,1.7170741778217675,-0.6669853761116855,56.54600588431417,70470244.97707818,58.1178000490759,56.4752569392661,30.874428252082062,56.492402887229204,82.11037752237635
2023-04-21,64.71,66.2,61.0201,62.8,62.8,15717659.0,1.3703556737089855,1.6298728398565367,-0.25951716614755127,54.814333046341936,3790615.712359298,58.89816670756325,57.02523459672123,32.43498746616949,57.093126421778805,81.75126537738812
2023-04-28,63.38,64.199,43.01,47.05,47.05,53936432.0,0.34925016688522703,0.48701386642622263,-0.1377636995409956,42.94804893400509,-565068997.4292135,56.92347225630271,56.15782289265852,27.772893421772398,56.13663819113321,84.50038296049402
2023-05-05,46.67,46.81,39.9,44.07,44.07,44569247.0,-0.6924621266876301,-0.44375874171730756,-0.2487033849703225,41.13362813739432,-276900569.84973776,54.781226880252255,55.106707858514305,27.282141667317887,54.98743455388243,82.69272744044697
2023-05-12,45.02,50.59,44.6,49.43,49.43,33889684.0,-1.0731488281855874,-0.659556354572212,-0.4135924736133755,45.58644549021846,28798947.543420717,53.88935573354355,54.613081088208716,27.528604365668564,54.458155072560295,81.38770577945203
2023-05-19,49.39,60.22,49.1,57.99,57.99,33732492.0,-0.6763290207758956,-0.21018923773001608,-0.46613978304587955,51.850468393247304,202099736.8611403,54.57279644461963,54.906726210973176,27.252546807033468,54.79452125612598,82.3364957052185
2023-05-26,57.605,62.98,54.75,61.14,61.14,25411953.0,-0.10644080675660206,0.287759181031422,-0.39419998778802406,53.95127152175,120731680.25371341,55.66733037051635,55.44875001871464,28.128494730173145,55.39885256506637,82.6692103999596
2023-06-02,63.0,72.0,62.56,70.64,70.64,30897722.0,1.0991005666973308,1.194640443588284,-0.09553987689095311,59.666768998721125,235929466.08457112,58.16277530876363,56.769728277956844,29.07435237491856,56.85039041601243,84.6264284571063
2023-06-09,67.75,70.63,61.73,63.82,63.82,32001727.0,1.4870420921475898,1.2660655752308343,0.2209765169167555,54.44256172447038,-66858030.06514296,59.105646090636355,57.38279538422147,29.83774738683108,57.51416275734458,85.19057812785807
2023-06-16,64.47,71.39,63.61,67.63,67.63,22847234.0,2.0779701580456873,1.4855949129031454,0.5923752451425419,56.72226182311267,35745964.3382856,60.52637174219696,58.27385665515873,31.21415239760907,58.47757582807367,85.74099925853827
2023-06-23,66.9,68.79,62.54,63.41,63.41,13250998.0,2.1806292392131894,1.270603195256518,0.9100260439566714,53.52729829500603,-25364152.927238118,61.006976451830795,58.72047781557971,32.49470931212249,58.947330511114274,85.39995171010605
2023-06-30,63.0,67.36,62.22,65.37,65.37,14136136.0,2.3925629439545304,1.186029519998287,1.2065334239562433,54.80071982106284,10016500.064254034,61.73414704319234,59.29869713596409,34.1571179490632,59.55901331957958,84.96090869009595
2023-07-07,65.48,66.37,61.66,62.36,62.36,10065865.0,2.291228234632733,0.8677558485411918,1.4234723860915413,52.42493410571733,-16860002.411915354,61.83845586932695,59.564897385010696,35.497392430104796,59.82577395581009,84.15415548151539
2023-07-14,61.6,70.26,60.56,66.54,66.54,24455590.0,2.519171374228101,0.8765591905092478,1.6426121837188532,55.32169194833863,62529576.66269499,62.622046557772464,60.17142804718368,35.68240267485672,60.465224055256755,85.24804543565679
2023-07-21,66.665,76.07,66.02,66.57,66.57,23049247.0,2.6714439608144716,0.8230654216764943,1.8483785391379772,55.342708179254764,21304177.160898134,63.28003879814372,60.72782560829815,35.75265003915608,61.04663128808944,86.3406125370228
2023-07-28,67.5,68.33,64.24,66.93,66.93,14728260.0,2.789019987788812,0.7525131589206682,2.036506828868144,55.61253454882632,10636174.786966179,63.88836566511977,61.26714512062005,37.55335003542693,61.60695211779521,85.66055420016349
2023-08-04,67.88,75.1244,62.72,69.52,69.52,30797979.0,3.0559639406856434,0.8155656894539991,2.2403982512316443,57.59755442538358,56723235.335655175,64.82697138759981,61.98478467534874,37.05367860348151,62.36057572562424,87.66747284776696
2023-08-11,67.3,68.23,62.58,63.61,63.61,20320486.0,2.758829271978769,0.41474481659769946,2.3440844553810694,51.894609695319254,-61154969.72811489,64.62414282299984,62.12610774705755,37.59999492695946,62.47956851366003,87.3591421003606
2023-08-18,62.86,65.73,56.3606,58.98,58.98,16318305.0,2.12524707544798,-0.17506990394647115,2.3003169793944513,47.893759915756554,-70754158.00937165,63.68345235249987,61.8525331603569,36.959214457725224,62.14627627426383,87.33333809080244
2023-08-25,59.42,65.0,58.42,62.2,62.2,16730282.0,1.8614975245996632,-0.3510555638358306,2.212553088435494,50.73821885992078,12329619.356876183,63.436210293749895,61.88274766815195,37.48309879508473,62.15139281957204,86.81968684405935
2023-09-01,62.88,66.9208,61.08,63.99,63.99,10715757.0,1.776434514395433,-0.34889485923204866,2.1253293736274816,52.29718187696195,16897343.138958722,63.528508578124914,62.065987001356135,38.33876557650524,62.32649826532709,86.31423095414894
2023-09-08,63.4,65.395,60.7457,62.68,62.68,10078298.0,1.5850440133591235,-0.4322282882146866,2.01727230157381,51.024535601153694,-3169265.87368044,63.38709048177076,62.11937943602082,39.328606950171405,62.3601650972007,85.39172324423
2023-09-15,63.79,65.95,61.5338,62.76,62.76,14959122.0,1.423412777352226,-0.4750876193772675,1.8985003967294936,51.10279146061597,-258602.11789349723,63.28257540147564,62.175085572019015,40.298396764440795,62.398244611753015,84.49809245906523
2023-09-22,61.76,62.73,56.0825,57.76,57.76,18797664.0,0.8816969909952235,-0.8134427245874161,1.6951397155826395,46.140468731523676,-62745080.7059645,62.36214616789637,61.79116508749563,40.05354945354168,61.956507029681305,83.85946460582093
2023-09-29,57.3,65.58,56.43,63.04,63.04,23254381.0,0.8684245430973405,-0.6613721379882394,1.5297966810855799,51.49671055508032,60940394.21801184,62.47512180658031,61.899759427713406,39.62844950558533,62.05969683637832,84.4909441671713
2023-10-06,62.91,63.78,56.71,62.55,62.55,18721747.0,0.8090410065038753,-0.5766045396653638,1.3856455461692392,50.98991969287046,14197694.052670594,62.48760150548359,61.95630208617311,39.791454314577194,62.10639237577086,84.42133043696452
2023-10-13,61.01,66.85,60.645,61.16,61.16,15447814.0,0.6424124122325949,-0.5945865071493155,1.2369989193819104,49.501680846318855,-9582409.62244314,62.26633458790299,61.88705842650589,40.053696760807945,62.01625976855459,83.97882277630123
2023-10-20,61.9,65.85,58.8062,59.38,59.38,15745273.0,0.36254770262139857,-0.6995609734084094,1.062108676029808,47.58627883569204,-21878527.167480983,61.7852788232525,61.66905334594016,39.88178278358814,61.76518740964463,83.64859203570111
2023-10-27,58.5,61.27,54.61,55.35,55.35,16634625.0,-0.18233259924061684,-0.99555302021634,0.8132204209757231,43.483878889064336,-51984534.88916034,60.71273235271042,61.119570446293196,39.45208918515118,61.15421718015467,82.85634517515815
2023-11-03,56.42,64.575,53.8814,64.42,64.42,31361497.0,0.11637750726909957,-0.557474330965299,0.6738518382343985,53.25191026812443,172304340.2302799,61.330610293925346,61.406564320528574,38.77467116751774,61.465244115378034,84.15581706323833
2023-11-10,64.3,66.24,61.34,63.08,63.08,21630320.0,0.24218881570526918,-0.34533041802330355,0.5875192337285727,51.82672712321466,38111694.21009326,61.62217524493779,61.55208046656957,39.6894643896589,61.61903039010393,83.54859639054897
2023-11-17,62.86,73.15,62.39,72.69,72.69,22687895.0,1.1046086292583368,0.41367151642381117,0.6909371128345256,60.078473920989204,158057678.7033644,63.46681270411483,62.520595208607006,39.758086828739,62.67340844818927,85.58873006763955
2023-11-24,72.51,75.677,72.32,73.4,73.4,9422647.0,1.8243437124778836,0.9067252797146863,0.9176184327631973,60.615243079056235,57145945.81445485,65.12234392009569,63.466630407858574,42.00293570219243,63.694988595980774,85.38704148976912
2023-12-01,73.0,79.61,72.695,78.78,78.78,20247237.0,2.7966222681344703,1.5032030682970183,1.293419199837452,64.50931049862245,91668738.64481822,67.39861993341307,64.79822776369697,43.5297989686503,65.13165634874451,86.73351372883873
2023-12-08,78.5,80.17,75.7295,77.52,77.52,15408424.0,3.4259958115333973,1.7060612893567562,1.7199345221766411,62.93976691424287,17613170.054939356,69.08551661117757,65.90446882772332,45.4982466859217,66.31149860124503,87.12475051656837
2023-12-15,77.1,85.48,76.5,85.05,85.05,20437418.0,4.480735814919626,2.208641034194388,2.2720947807252383,67.95728954440942,108466895.0449798,71.74626384264798,67.5692976253126,46.69936604916724,68.09611778207884,89.49286951499043
2023-12-22,84.81,86.905,82.67,84.32,84.32,11175408.0,5.197802930792946,2.340566520054166,2.85723641073878,67.01010616915009,30716933.12165991,73.84188653553998,69.02588044050282,49.07228356829417,69.64124942188084,90.21021527546752
2023-12-29,84.5,86.91,82.75,83.26,83.26,6934306.0,5.615815025214587,2.2068628915806454,3.408952133633942,65.58074476544634,5338734.80055336,75.41157211295,70.26362996741562,51.139685133218535,70.93827328646363,90.73686143970872
2024-01-05,81.43,81.72,75.65,76.28,76.28,11447387.0,5.322510369559566,1.5308465887404994,3.791663780819067,56.96411659739818,-51488929.23981558,75.556310094125,70.78679257894471,51.35971512053105,71.44700916394328,91.5343032073555
2024-01-12,76.98,83.0,76.67,79.37,79.37,14604426.0,5.278553612342009,1.1895118652183534,4.089041747123655,59.500958996218436,12922141.14672817,76.1919250784375,71.53315844164517,52.107361299528094,72.2015797197582,92.2957981399883
2024-01-19,78.46,81.37,74.37,81.35,81.35,12090162.0,5.34190881836993,1.0022936569970193,4.339615161372911,61.08396564049165,20266394.22224264,77.05160423203125,72.38679683802386,52.89237450909684,73.07285784168599,93.25334117427514
2024-01-26,83.88,87.17,79.8,80.18,80.18,13405560.0,5.237336300945984,0.7181769116584578,4.519159389287526,59.601447019813975,-3700872.0592523403,77.57300352669272,73.0644666781957,53.38548169870666,73.74972852343018,94.1139753481537
2024-02-02,80.22,84.55,78.14,82.65,82.65,16045336.0,5.292758558793963,0.6188793356051496,4.6738792231888135,61.71400503989367,25187695.92691587,78.41916960557727,73.89799131487435,54.34115010835365,74.59737342596064,94.85359674356764
2024-02-09,81.77,116.0,79.11,107.92,107.92,61796411.0,7.291704674671493,2.0942603611861434,5.19744431348535,75.70917287519424,1049459435.9556384,83.33597467131439,76.85642685271137,48.903897717081875,77.77095690920248,106.63801610132309
2024-02-16,106.795,109.8299,97.63,98.52,98.52,31888473.0,8.024876649508045,2.261945868818156,5.762930780689889,66.03877239732236,149985381.18521276,85.86664555942866,78.74021582204081,50.14355507735981,79.74705625118321,109.35055742500661
2024-02-23,98.0,101.66,93.4,98.45,98.45,15367054.0,8.502263505582192,2.191466179913842,6.31079732566835,65.97119442211242,49277997.87507099,87.96387129952389,80.45411009838509,52.38416887951601,81.52828898916576,110.6724090988155
2024-03-01,98.71,102.3,95.74,99.92,99.92,17692099.0,8.896657612129374,2.068688229168819,6.827969382960555,66.74089310731172,33764256.311690316,89.95655941626991,82.14679617678638,55.03710517670497,83.27988051400712,111.52265585130927
2024-03-08,99.9,104.02,93.82,97.99,97.99,20355604.0,8.950309318260324,1.697871948239814,7.25243737002051,64.67256800412522,-14936125.042769985,91.29546618022492,83.52446607445714,56.213571350352126,84.68084427457788,113.14811719880363
2024-03-15,96.76,98.399,90.8,91.6,91.6,14873701.0,8.380602714023766,0.9025322752026046,7.478070438821161,58.23743856560619,-68340674.60759,91.3462218168541,84.2266864158087,57.4125645550805,85.33981148652285,113.26705841796519
2024-03-22,92.96,100.9,91.85,96.57,96.57,12954403.0,8.235213178350975,0.60571419162385,7.629498986727125,61.45034371657716,20142030.404136654,92.21685151404509,85.30001803182533,58.48470126412045,86.40935324971115,114.33400523530185
2024-03-28,95.79,100.77,95.06,96.83,96.83,9667079.0,8.048196155492207,0.3349577350120647,7.713238420480142,61.61670591981401,8389637.161378918,92.98570959503758,86.3026251594927,60.50520590563279,87.4017957973577,114.29838568908262
2024-04-05,97.16,97.89,91.2651,96.16,96.16,11971715.0,7.756508218432032,0.034615838361512274,7.7218923800705195,60.88750290652126,-2550820.3128737067,93.51475799586464,87.15978818910204,62.00807200985825,88.23591048332365,114.46374895678905
2024-04-12,96.6,97.3689,92.62,93.76,93.76,10359992.0,7.248131535909863,-0.37900867532852534,7.627140211238388,58.229156345539785,-17426260.63762451,93.55563166322054,87.73371965091927,63.675236580347956,88.76201424681665,113.84879191328534
2024-04-19,93.18,94.0936,83.14,84.1,84.1,15543061.0,5.996632636088677,-1.3044060601197698,7.301038696208447,48.962956966756124,-105906066.38587494,91.97969305268379,87.4177440291002,62.49085214412435,88.31801288997697,114.1451736358296
2024-04-26,84.83,89.9,82.83,88.01,88.01,10736716.0,5.259684693082477,-1.6330832025007762,6.892767895583253,52.2735413891884,-7314982.421958242,91.31807754390316,87.4692445483089,62.90124717801726,88.28867832902678,113.6761094800363
2024-05-03,88.9,91.59,72.68,74.4,74.4,36920663.0,3.5366663936550253,-2.6848812015425825,6.221547595197608,42.04905589340393,-337431809.7606527,88.49839795325263,86.33278850062986,58.59350935153943,86.96594705959566,115.33838476765189
2024-05-10,74.7,75.9,71.77,71.92,71.92,19323473.0,1.9485846332072327,-3.4183703695923002,5.366955002799533,40.4947499750126,-144425411.9468843,85.73533162771054,85.07950254405335,58.68269893710711,85.53299972058656,112.383300504066
2024-05-17,72.24,76.25,71.93,75.23,75.23,12559297.0,0.9462005230762571,-3.5366035837786205,4.482804106854878,43.49677615545073,-20427621.93562809,83.98444302309213,84.22302406196175,59.021489514525484,84.55176165195927,110.08203378939305
2024-05-24,75.56,76.3499,72.7407,74.19,74.19,9737551.0,0.06711097214086692,-3.532554507771209,3.5996654799120757,42.766721824458585,-13560576.005209405,82.35203585257678,83.35058718700856,59.43490956076114,83.56492720891552,107.6949448570699
2024-05-31,74.45,75.9,66.38,67.69,67.69,19304059.0,-1.1409177184454364,-3.79246655868601,2.6515488402405736,38.42576617715306,-88171114.33506979,79.90836321048064,81.9887969968339,57.501108650212466,82.053029379495,106.60495010877753
2024-06-07,68.56,71.53,66.24,70.73,70.73,15947059.0,-1.8318699094353263,-3.58673499974072,1.7548650903053935,41.42057695273175,2929001.461643461,78.37863600873388,81.00977117102227,57.249574493049366,80.9746456290669,104.69971676508443
2024-06-14,70.53,76.56,70.37,75.59,75.59,15254816.0,-1.964645900559205,-2.9756087926916788,1.0109628921324738,45.94683075009052,50401937.66054781,77.91386334061157,80.53848672136816,57.2277102556161,80.46182223582244,103.69593421602877
2024-06-21,77.03,80.0975,75.02,77.94,77.94,18381076.0,-1.8588191596954573,-2.295825641462345,0.4370064817668876,48.03756846647607,45597664.95351587,77.91821945050964,80.31253135429267,57.74959499317647,80.22164868955363,102.69370238593079
2024-06-28,77.43,84.22,77.1,82.83,82.83,16068498.0,-1.3646378765720755,-1.4413154866711704,0.07667761009909502,52.182267937555466,67582525.13117197,78.73684954209136,80.5314416713107,58.103919279540605,80.47006310007232,102.83620692060404
2024-07-05,82.65,87.18,81.19,86.96,86.96,7912108.0,-0.6324486903463651,-0.5673010403563681,-0.065147649989997,55.41672523468261,44312179.070390634,80.10737461840947,81.09044674337065,59.140688871965295,81.08815232863685,103.03561578530841
2024-07-12,86.26,86.865,79.9,82.21,82.21,11957272.0,-0.43050618045049305,-0.2922868243683968,-0.13821935608209623,51.13281473300084,-23093968.309869785,80.4578121820079,81.18779920046886,59.32062326511145,81.19499496400476,103.06936666289808
2024-07-19,82.57,84.69,77.68,78.66,78.66,13034614.0,-0.5505739441451709,-0.32988367045045974,-0.22069027369471117,48.13775953459455,-38546575.90328991,80.15817681833992,80.96799057434114,59.15961152557703,80.95356687219478,102.74752221881255
2024-07-26,79.37,83.42,74.785,78.06,78.06,12433684.0,-0.6862330302974584,-0.3724342052821978,-0.31379882501526063,47.62995927164854,-17822332.234429926,79.80848068194994,80.71512182874628,58.49250566599827,80.67798907484291,102.86347248368756
2024-08-02,78.61,80.73,73.9,79.46,79.46,21697879.0,-0.6730174079917361,-0.2873748663811804,-0.3856425416105557,48.98230990366599,14310576.321856566,79.75040056829161,80.60598080015964,58.537981316855586,80.56199011533407,102.58599891381255
2024-08-09,69.26,80.15,69.26,77.71,77.71,14131536.0,-0.7945947135015956,-0.32716173751283184,-0.46743297598876377,47.3368018727393,-11716599.892714478,79.41033380690968,80.35415638275445,57.252459286678864,80.29037200911178,103.3282847315447
2024-08-16,78.0,83.45,76.5,82.38,82.38,8293757.0,-0.5082567652429191,-0.03265903140332421,-0.47559773383959486,51.97346471256335,21915696.829095177,79.90527817242474,80.53031669729755,57.65984411651897,80.48938419872017,103.31892428092138
2024-08-23,82.55,84.9199,80.61,82.39,82.39,7565214.0,-0.2773280962055793,0.15861571010721248,-0.4359438063127918,51.98321369258189,7355667.036365086,80.31939847702063,80.6920282888369,58.783697057802875,80.6703952274135,102.55709339702412
2024-08-30,83.0,84.18,79.11,82.14,82.14,7614269.0,-0.11318366210275599,0.2582081153680287,-0.37139177747078467,51.70066147841618,1182844.1787883623,80.62283206418385,80.81793887241629,59.55953543325023,80.81035758670745,102.06117974016468
2024-09-06,81.6,81.76,75.71,76.05,76.05,7093605.0,-0.4691025964996527,-0.07816865522309435,-0.39093394127655834,45.24854529744533,-28405754.907070562,79.86069338681988,80.40333549220618,59.29291301103592,80.35699019749723,101.42106738395853
2024-09-13,77.01,80.26,74.88,78.59,78.59,7931696.0,-0.5399894813234454,-0.11924443203750962,-0.42074504928593576,48.15468637186385,3962420.2576431762,79.64891115568322,80.24565414505783,59.59358796236584,80.18870541678321,100.78382287120058
2024-09-20,78.15,83.34,77.6,82.45,82.45,11900883.0,-0.2814536847457987,0.11143309163210968,-0.39288677637790836,52.298422071344476,31945745.67254772,80.1157592964027,80.43733639331367,60.130389108807194,80.404066805661,100.67774450251481
2024-09-27,82.67,86.4547,81.18,81.59,81.59,12023312.0,-0.14429368817076238,0.19887447056571683,-0.3431681587364792,51.31437157318901,3755216.3441825807,80.36146608033559,80.5375680112864,60.66710443177794,80.51701282416948,100.36692121656102
2024-10-04,80.85,83.46,77.8,83.43,83.43,10947016.0,0.1115928469027807,0.36380880451140796,-0.25221595760862725,53.337399121689046,14680078.408060884,80.87288840027966,80.78908383639192,61.21785639065623,80.79444017424858,100.37102395784092
2024-10-11,83.15,94.31,79.16,93.47,93.47,16760614.0,1.1117137180070813,1.0911437404925668,0.020569977514514448,62.495153348175826,117077735.84268686,82.97240700023306,81.8917721984448,59.96091768678421,82.00163634812967,104.04235500947513
2024-10-18,94.9,96.3,90.11,90.8,90.8,10466982.0,1.6696236458750633,1.3192429346884391,0.3503807111866243,59.16947683519103,20394683.987562284,84.27700583352757,82.66640070292787,61.12940171661427,82.83957574354588,104.54974977047749
2024-10-25,90.16,92.79,86.9,88.76,88.76,8721897.0,1.9249704708898605,1.2596718077625888,0.6652986631272716,56.687353066305704,-5063551.924145858,85.02417152793964,83.19627890267327,62.07803012455577,83.40342567273198,104.7288212209082
2024-11-01,89.38,91.31,86.2569,87.55,87.55,9316064.0,2.0065673227289267,1.0730149276813241,0.9335523950476026,55.20801403773606,-9202808.934715334,85.4451429399497,83.57486334591907,63.060189160312355,83.79833751342417,104.536485866536
2024-11-08,87.0,97.5325,85.6,91.25,91.25,21748155.0,2.3427863112327003,1.127387132948078,1.2153991782846223,58.752702507392755,50577846.02176159,86.41261911662475,84.24226653323046,62.335647335520704,84.50801965500283,106.68039197448495
2024-11-15,91.25,99.17,87.77,89.77,89.77,19479689.0,2.4614446491062267,0.9968363766572834,1.4646082724489433,56.81586989419349,-2360677.806079518,86.9721825971873,84.72293900860173,61.69129997023302,85.00916064024065,108.32702131024828
2024-11-22,89.975,105.94,89.55,104.23,104.23,17867622.0,3.679864205570027,1.7722047464968669,1.9076594590731601,67.93720411482506,171456983.4779736,89.84848549765609,86.41920518176681,61.059747592115585,86.83971676974154,112.6196859473675
2024-11-29,106.75,106.75,98.58,99.83,99.83,8563977.0,4.241533496753121,1.8670992301439684,2.3744342666091525,62.65003612584783,32031328.62599118,91.51207124804674,87.58536125291754,62.41786686905696,88.07688660119473,113.73590633333251
2024-12-06,106.03,113.7,103.21,112.96,112.96,16721569.0,5.6806586280589215,2.644979489159815,3.0356791388991065,70.1223981966007,157046576.85533035,95.08672604003895,89.79185157875081,63.268546214861054,90.44670692489046,117.62486763491987
2024-12-13,112.96,115.84,109.73,113.6,113.6,12067353.0,6.7944955984203546,3.0070531676169985,3.787442430803356,70.43290867138032,57497596.23177679,98.17227170003247,91.86212535451162,66.31630371820762,92.65178245585328,118.98726119349894
2024-12-20,113.9,119.42,107.0,112.69,112.69,18267160.0,7.517137149576243,2.9837557750183095,4.533381374557933,69.32960428827066,8083788.34392564,100.59189308336039,93.67324488890192,67.18427479266404,94.5601841267244,121.93609346078475
2024-12-27,112.16,113.54,108.2103,110.61,110.61,4446882.0,7.8317179984923655,2.638669299147545,5.19304869934482,66.75557270256581,-3471746.925358115,102.261577569467,95.14600620291046,69.79728671717223,96.0887380194173,122.38018932166239
2025-01-03,108.67,114.8,106.986,114.73,114.73,9874128.0,8.317595096663197,2.499637117854701,5.817957978808496,69.19524489126692,25963689.264880657,104.33964797455583,96.84896218526607,71.84402131553676,97.86409630328232,123.88417129102788
2025-01-10,116.365,118.13,109.501,112.62,112.62,11374374.0,8.435161539997466,2.093762848951176,6.34139869104629,66.50354082114755,-7345389.67170644,105.71970664546319,98.22035677785163,73.26201928548566,99.26942046487449,125.27682164426331
2025-01-17,110.035,121.02,108.585,117.16,117.16,11950346.0,8.793310046427479,1.9615290843049502,6.8317809621225285,69.27320084784373,33721250.66943113,107.62642220455265,99.86728227542976,73.8899222106775,100.97328518250549,128.0566481543335
2025-01-24,119.26,125.71,117.9401,125.12,125.12,9937197.0,9.608687821591431,2.2215254875751214,7.38716233401631,73.42257304960077,63973808.969810426,110.54201850379388,102.06317077321847,76.3261200953749,103.27297230798116,130.21982452058742
2025-01-31,121.75,142.4099,121.5,138.4,138.4,22151896.0,11.197389066274397,3.048181385806469,8.149207680467928,78.61186090323197,217442722.24327016,115.18501541982823,105.22289505380817,76.26366103867252,106.61840351674486,136.9731459948172
2025-02-07,133.0,171.38,130.095,166.66,166.66,32681092.0,14.568851419615456,5.135714991318022,9.433136428297434,85.22366863993906,688192680.6944231,123.76417951652354,110.56525200565095,73.0771218921323,112.3366508008644,151.59617970959653
2025-02-14,167.5,177.3677,164.53,171.16,171.16,20650227.0,17.403258090528084,6.376097329784519,11.027160760743564,85.96755338843434,291348241.2314744,131.6634829304363,115.83436052689869,78.75043409288159,117.93887453411541,157.12731497534924
2025-02-21,166.445,170.3763,150.4,151.96,151.96,20092076.0,17.893995418559015,5.49346772625236,12.400527692306655,69.81741656393373,-160062492.38950837,135.04623577536358,118.97572048108142,79.7913451316548,121.17898172134252,162.56661831103025
2025-02-28,151.22,151.62,137.94,145.3,145.3,18725604.0,17.543274004126744,4.11419704945607,13.429076954670673,65.23908556197995,-136495845.88983607,136.75519647946965,121.26478826533523,82.02455035721147,123.47622155740514,164.9278927575988
2025-03-07,145.95,149.1599,121.025,126.75,126.75,22681053.0,15.588796838926214,1.7277759074044319,13.861020931521782,54.51595888199468,-325987637.39661217,135.08766373289137,121.74176319878434,78.24557413271515,123.78800998050941,169.33044582830368
2025-03-14,122.925,126.0,111.02,116.15,116.15,26960720.0,13.034277158624676,-0.6613950183176875,13.695672176942363,49.50826352965324,-299184967.13220394,131.93138644407617,121.25552292062918,77.36123373912321,123.06058045855613,168.75992717798906
2025-03-21,115.67,120.56,111.9101,119.22,119.22,15019409.0,11.12923436455793,-2.053150249907546,13.182384614465477,50.91458279184327,-68988598.62406805,129.81282203673015,121.07852092753099,78.87638290682577,122.6948108910746,166.51323887532342
2025-03-28,122.63,132.41,112.4,114.92,114.92,17162969.0,9.166830644254247,-3.212443176168984,12.379273820423231,48.861778021349046,-72196710.67468932,127.33068503060846,120.54299736861526,76.59196548712808,121.95435271097226,167.31673993481644
2025-04-04,110.25,120.325,94.16,97.08,97.08,23339200.0,6.101735642372418,-5.02203054244065,11.123766184813068,41.403281375103184,-301646455.5582298,122.28890419217373,118.50273672786612,71.06749258359207,119.5853667384987,168.10324089340534
2025-04-11,90.975,115.42,89.42,106.25,106.25,26155264.0,4.362282456939383,-5.409186982298948,9.77146943923833,45.96875827633361,59347028.73392342,119.61575349347811,117.4372813602256,66.98963614705949,118.31533181102265,169.6410274749858
2025-04-17,110.0,113.66,106.1,107.9,107.9,10572601.0,3.0813743206948203,-5.352076094834809,8.433450415529629,46.77237548798655,31412204.01130785,117.66312791123177,116.60795254629295,68.72586127591097,117.32339544806811,165.92092962022525
2025-04-25,105.66,121.09,100.25,121.0,121.0,13657070.0,3.087712683230336,-4.276590185839435,7.364302869069771,52.777540173304025,129742479.33710255,118.2192732593598,116.98986971618052,67.75006496391944,117.6735482625378,167.59703156115617
2025-05-02,121.41,126.05,117.0749,124.23,124.23,12283202.0,3.315154845521917,-3.239318418838284,6.554473264360201,54.15105420921225,69697321.41903421,119.2210610494665,117.61944626259961,70.56479211021284,118.29797223753421,166.0311523648556
2025-05-07,122.59,126.245,120.455,121.71,121.71,7576902.0,3.2545450883939964,-2.6399425407729638,5.89448762916696,52.85927468176044,10503245.113011356,119.63588420788875,117.97514658759096,73.78147857590685,118.62292726253095,163.46437594915506
