Date_,Close,High,Low,Open,Volume,MACD_12_26_9,MACDh_12_26_9,MACDs_12_26_9,RSI_14,EFI_2,EMA_11,EMA_22,KCLs_20_3.0,KCBs_20_3.0,KCUs_20_3.0
2020-09-28,9.199999809265137,11.40999984741211,8.9399995803833,10.0,517900300,,,,,,,,,,
2020-10-05,9.949999809265137,10.489999771118164,8.899999618530273,9.430000305175781,236496000,,,,,177372000.0,,,,,
2020-10-12,9.710000038146973,10.050000190734863,9.180000305175781,10.039999961853027,80190000,,,,,46293612.23602296,,,,,
2020-10-19,9.489999771118164,9.829999923706055,9.199999809265137,9.789999961853027,60001200,,,,,6631017.397308353,,,,,
2020-10-26,10.130000114440918,11.100000381469727,9.600000381469727,9.720000267028809,148626100,,,,,65624175.81691742,,,,,
2020-11-02,13.829999923706055,14.960000038146973,10.229999542236328,10.229999542236328,187652000,,,,,484749634.7444534,,,,,
2020-11-09,15.800000190734863,17.059999465942383,13.180000305175781,14.960000038146973,319464400,,,,,581146513.7856165,,,,,
2020-11-16,18.149999618530273,19.65999984741211,15.010000228881836,15.960000038146973,400231800,,,,,820745171.9188902,,,,,
2020-11-23,27.65999984741211,33.5,18.56999969482422,18.6299991607666,610582800,,,,,4144676769.140505,,,,,
2020-11-30,23.850000381469727,30.149999618530273,21.149999618530273,28.239999771118164,512033500,,,,,80994015.3504293,,,,,
2020-12-07,27.200000762939453,31.239999771118164,24.440000534057617,24.440000534057617,433391900,,,,,994906692.0007361,15.906363660638982,,,,
2020-12-14,25.969999313354492,28.260000228881836,25.110000610351562,28.260000228881836,262893800,,,,,116062393.94231287,17.5836362694249,,,,
2020-12-21,27.75,29.420000076293945,25.399999618530273,26.190000534057617,227841200,,,,,309059126.27819526,19.27803022452075,,,,
2020-12-28,23.549999237060547,28.59000015258789,23.520000457763672,28.389999389648438,177690300,,,,,-394513221.61856174,19.990025059944053,,,,
2021-01-04,25.200000762939453,26.440000534057617,22.5,23.90999984741211,180307500,,,,68.4759358705192,66834026.21208666,20.858354343776618,,,,
2021-01-11,25.639999389648438,28.0,24.309999465942383,24.610000610351562,235906300,,,,69.07499955551823,91476974.09202734,21.655295184755254,,,,
2021-01-18,32.58000183105469,32.650001525878906,25.299999237060547,26.809999465942383,272870900,,,,76.6214319244701,1292975466.1564894,23.47607962580516,,,,
2021-01-25,35.18000030517578,45.0,29.559999465942383,34.459999084472656,555255700,,,,78.71682954417959,1393434470.5501897,25.42673307236693,,,,
2021-02-01,34.04999923706055,35.619998931884766,30.5,35.33000183105469,242361100,,,,75.54755826156003,281899288.9370079,26.863944099815868,,,,
2021-02-08,31.90999984741211,39.220001220703125,31.34000015258789,37.220001220703125,274816900,,,,69.81485892056207,-298105569.19771445,27.704953391081908,,,21.840000009536745,
2021-02-15,29.0,30.440000534057617,24.5,30.020000457763672,964540100,,,,62.832718436453085,-1970576218.9478118,27.920794492568255,,5.8994996070861845,22.830000019073488,39.76050043106079
2021-02-22,23.899999618530273,30.190000534057617,22.700000762939453,29.959999084472656,699799600,,,,52.85582178921823,-3036177557.6175117,27.25066201356193,22.259090900421143,5.7119996547698975,23.527500009536745,41.34300036430359
2021-03-01,23.950000762939453,25.899999618530273,20.18000030517578,25.190000534057617,573182900,,,,52.93472680784688,-992952651.9019891,26.70055180512485,22.406126540640127,5.696499776840213,24.239500045776367,42.78250031471252
2021-03-08,26.920000076293945,26.920000076293945,22.399999618530273,23.770000457763672,440742700,,,,57.486347500289476,541686126.9433403,26.737126516986365,22.798637282870896,5.984499740600583,25.111000061035156,44.23750038146973
2021-03-15,24.31999969482422,27.469999313354492,23.389999389648438,27.350000381469727,321855600,,,,52.68306369419145,-377321079.537665,26.33427204662601,22.930929666519013,6.323499822616576,25.82050004005432,45.317500257492064
2021-03-22,22.579999923706055,24.920000076293945,21.049999237060547,24.889999389648438,298158700,2.9768209401416392,,,49.69073422953274,-471637739.6838146,25.70856002613935,22.90041403670919,6.904999685287471,26.25800004005432,45.61100039482117
2021-03-29,23.06999969482422,23.950000762939453,20.860000610351562,22.479999542236328,222934400,2.5567402005401014,,,50.54265759846207,-84387376.5783614,25.268799970920163,22.915160615675717,7.386999511718749,26.62150001525879,45.85600051879883
2021-04-05,24.040000915527344,24.450000762939453,22.739999771118164,23.780000686645508,230062200,2.275859488252646,,,52.265884703348355,120644617.69897719,25.064000128354692,23.012972815662817,8.122499370574953,26.916000080108642,45.709500789642334
2021-04-12,22.469999313354492,26.200000762939453,22.299999237060547,24.520000457763672,366805100,1.904618238415324,,,49.27336861663928,-343708190.55712295,24.631666659187992,22.965757728505572,9.58049917221069,26.65650005340576,43.732500934600836
2021-04-19,23.40999984741211,23.549999237060547,21.239999771118164,22.149999618530273,218917600,1.6670404557791088,,,51.079389403833616,22619043.75736688,24.428055523892013,23.00438747797571,10.561999225616454,26.63450002670288,42.70700082778931
2021-04-26,23.040000915527344,24.260000228881836,22.809999465942383,23.690000534057617,144901400,1.4323908200501947,,,50.3199657638991,-28202560.899949156,24.196713089164568,23.00748429863237,11.244999027252195,26.426500034332275,41.60800104141235
2021-05-03,19.75,23.079999923706055,19.40999984741211,23.010000228881836,292425300,0.9697747552626836,,,44.04874377684101,-650787190.1155552,23.455594240970477,22.72422479440347,10.855998992919922,26.115500068664552,41.37500114440918
2021-05-10,20.079999923706055,20.299999237060547,17.05500030517578,19.280000686645508,603403600,0.6225994875309233,,,44.79196251468614,-84180302.06254593,22.892995188093074,22.494292196951523,10.588749217987061,25.732000064849853,40.87525091171264
2021-05-17,20.75,21.6200008392334,19.6299991607666,19.729999542236328,236701300,0.39694822131973595,-1.2478065128238593,1.6447547341435953,46.350154549316144,77666492.01840204,22.535829323410894,22.342614614607914,10.910748958587646,25.592000102996828,40.27325124740601
2021-05-24,22.950000762939453,24.75,20.674999237060547,21.059999465942383,327522400,0.3911309286386775,-1.0028990444039343,1.3940299730426118,51.21875580100108,506255183.9259745,22.604857896665653,22.395430801419355,10.777998924255373,25.479500102996827,40.18100128173828
2021-05-31,24.030000686645508,24.84000015258789,22.360000610351562,23.190000534057617,229870500,0.4682697282452999,-0.7406081958378494,1.2088779240831493,53.45193188950642,334258476.28350663,22.84238169499563,22.53756731317815,10.878999137878417,25.39900016784668,39.91900119781494
2021-06-07,24.670000076293945,25.229999542236328,23.440000534057617,24.0,207731800,0.5744237849091043,-0.5075633113392359,1.0819870962483402,54.77324588244736,200051642.23488307,23.14698475854535,22.722996249101268,11.317499542236328,25.003500080108644,38.68950061798096
2021-06-14,25.3700008392334,25.940000534057617,23.860000610351562,24.729999542236328,287208300,0.7068872943256714,-0.30007984153813494,1.0069671358638064,56.23650098702008,200714566.82665658,23.517487438660027,22.95317056128667,12.830999660491944,24.513000106811525,36.19500055313111
2021-06-21,26.780000686645508,27.010000228881836,24.510000228881836,25.100000381469727,343590400,0.9150921707923168,-0.07349997205719183,0.9885921428495086,59.106514812651206,389879796.6570626,24.061239646657608,23.285938398274396,12.860499572753906,24.149500179290772,35.43850078582764
2021-06-28,24.440000534057617,27.5,24.329999923706055,26.979999542236328,194439900,0.8811205698598314,-0.08597725839174175,0.9670978282515732,52.90560851807501,-173366331.5604286,24.124366461224277,23.38629162747294,13.193499755859374,23.776000213623046,34.35850067138672
2021-07-05,23.290000915527344,25.200000762939453,22.25,24.600000381469727,152806800,0.7527255218406843,-0.17149784512871113,0.9242233669693954,50.122567424499586,-174940618.32603073,23.985305536941457,23.377918522086368,13.57699966430664,23.490500259399415,33.40400085449219
2021-07-12,21.3700008392334,23.4950008392334,21.010000228881836,23.260000228881836,133376300,0.4903906431259877,-0.34706617907472626,0.8374568222007139,45.791535865955034,-229035210.22587967,23.54942142065678,23.20331698444698,14.201249599456787,23.36400032043457,32.52675104141235
2021-07-19,21.809999465942383,22.68000030517578,20.549999237060547,20.969999313354492,108827900,0.31436872668384197,-0.41847047641349755,0.7328392030973395,46.923404068653944,-44422319.04354478,23.259517761537715,23.082158939359626,14.632749271392822,23.257000255584718,31.881251239776613
2021-07-26,21.709999084472656,22.850000381469727,21.09000015258789,21.799999237060547,99528500,0.16490002979073992,-0.45435133864527966,0.6192513684360196,46.684821079989824,-21442698.32592138,23.00126464869354,22.96284069110859,14.786249256134031,22.99650020599365,31.206751155853272
2021-08-02,21.81999969482422,22.770000457763672,21.479999542236328,21.90999984741211,96726300,0.05469070023255895,-0.45164853456276854,0.5063392347953275,47.004027013535335,-54264.750608233735,22.804387156381985,22.863463213170817,15.07974910736084,22.87150020599365,30.663251304626463
2021-08-09,24.899999618530273,25.760000228881836,21.799999237060547,21.850000381469727,337920300,0.2134191031793904,-0.23433610529274973,0.4477552084721401,55.108495525442656,693844910.562282,23.153655900073367,23.04055333537599,15.182249069213867,22.987500190734863,30.79275131225586
2021-08-16,24.010000228881836,25.940000534057617,23.65999984741211,24.899999618530273,292989100,0.2643497341979284,-0.1467243794193694,0.4110741136172978,52.60507945106214,57441556.73833069,23.29637995487478,23.124853065246064,15.350749015808105,23.034500217437746,30.718251419067386
2021-08-23,25.709999084472656,26.09000015258789,23.899999618530273,24.020000457763672,226059100,0.4368525619752752,0.020622758686381915,0.4162298032888933,56.65543146742174,275347326.44337076,23.698649809807762,23.34964837126577,15.362248992919923,23.11800012588501,30.8737512588501
2021-08-30,26.639999389648438,26.8700008392334,25.6200008392334,25.739999771118164,236794700,0.6412140318778121,0.17998738287113503,0.4612266490066771,58.73312595572402,238595204.32379532,24.18887473978121,23.635765851125132,15.968249225616454,23.326500129699706,30.68475103378296
2021-09-06,26.280000686645508,26.8799991607666,24.959999084472656,26.790000915527344,161728100,0.7653011669536092,0.24325961435754562,0.5220415525960636,57.58248472239202,40717130.61517971,24.537395730925258,23.865699315083425,16.17024917602539,23.470000171661376,30.76975116729736
2021-09-13,28.709999084472656,29.290000915527344,25.030000686645508,26.149999618530273,418541400,1.0476450775438906,0.42048281995826153,0.627162257585629,62.870211716633925,691608997.821281,25.232829623183157,24.286942773291187,16.0322491645813,23.753500080108644,31.474750995635986
2021-09-20,28.559999465942383,29.190000534057617,26.059999465942383,27.56999969482422,284993500,1.2449499373253872,0.4942301437918064,0.7507197935335808,62.35349389131201,202037055.0846887,25.787357930309696,24.658512920478252,16.553748989105227,24.194000053405762,31.834251117706298
2021-09-27,24.329999923706055,28.3799991607666,23.719999313354492,28.229999542236328,246757100,1.0479101923339122,0.23775231904026517,0.8101578732936471,49.89879050806362,-628509261.6674796,25.54446492920909,24.629946572932845,16.526998805999757,24.40650005340576,32.28600130081177
2021-10-04,23.5,25.010000228881836,23.020000457763672,24.010000228881836,307127300,0.8153815071323152,0.00417890707093449,0.8112026000613807,47.87795661259035,-379446844.2678576,25.203720774340912,24.531690349199557,16.664499092102048,24.54400005340576,32.42350101470947
2021-10-11,24.0,24.709999084472656,23.260000228881836,23.260000228881836,129218500,0.6637948562520641,-0.11792619504745327,0.7817210512995174,49.212324464979616,-83409448.0892859,25.003100645284093,24.4854564057909,17.110749340057374,24.59650001525879,32.08225069046021
2021-10-18,24.43000030517578,25.200000762939453,23.920000076293945,24.0,123395200,0.5717677910892256,-0.1679626081682335,0.7397303992574591,50.38862645286641,7570166.408389073,24.90758392193271,24.480634136172196,17.31074914932251,24.616499996185304,31.922250843048097
2021-10-25,25.8799991607666,26.75,24.479999542236328,24.5,157999600,0.6088203662242861,-0.10472802642653845,0.7135483926508246,54.23766491143055,155256214.9253346,25.069653128405022,24.60231805135432,17.291749000549316,24.676999950408934,32.06225090026855
2021-11-01,26.0,26.719999313354492,25.170000076293945,26.110000610351562,133758200,0.6404847542464474,-0.05845091072350184,0.6989356649699492,54.55192397302597,62452802.478010714,25.22471094033752,24.72385561210612,17.402749061584473,24.708499908447266,32.01425075531006
2021-11-08,22.829999923706055,27.110000610351562,22.1200008392334,26.25,350657600,0.4051165649384103,-0.23505528002523113,0.6401718449636414,45.63633454883214,-720238811.6760309,24.82559243756561,24.559172508766984,16.831749057769773,24.510999870300292,32.19025068283081
2021-11-15,21.40999984741211,23.520000457763672,21.299999237060547,23.0,173847600,0.10281821606178809,-0.4298829031214827,0.5327011191832708,42.30124915129753,-404655340.7343565,24.256327005873363,24.285331407779605,16.822748851776122,24.359499835968016,31.89625082015991
2021-11-22,21.030000686645508,21.56999969482422,20.049999237060547,21.530000686645508,160412200,-0.16551026059571683,-0.5585691038231901,0.3930588432274733,41.42872644111384,-175522781.16260168,23.71860595266872,24.00225917115925,16.924248886108398,24.246499824523926,31.568750762939455
2021-11-29,18.979999542236328,21.399999618530273,18.399999618530273,21.190000534057617,217436600,-0.5373858220825731,-0.7443557322480372,0.20696991016546407,36.99542084666254,-355671112.9451612,22.928838217596656,23.56554094255726,16.727498912811278,24.12699975967407,31.526500606536864
2021-12-06,18.940000534057617,20.149999618530273,18.075000762939453,18.540000915527344,177963900,-0.8258080680927158,-0.8262223826065439,0.00041431451382809015,36.91242078471788,-123302623.97613062,22.264031937006816,23.163320037470335,16.592249298095705,23.983499813079835,31.374750328063964
2021-12-13,19.059999465942383,19.1200008392334,17.809999465942383,18.799999237060547,195047900,-1.0327964307355764,-0.8265685961995235,-0.2062278345360528,37.366415245755505,-25497181.547799163,21.730026525162742,22.806509552989645,16.527249145507813,23.85099983215332,31.174750518798827
2021-12-20,18.93000030517578,19.450000762939453,17.834999084472656,18.59000015258789,134797000,-1.1935673438561167,-0.7898716074560511,-0.4036957364000656,37.05531166256552,-20181391.765170116,21.26335548849825,22.46942179231018,16.333999061584475,23.7064998626709,31.079000663757324
2021-12-27,18.209999084472656,19.25,17.90999984741211,18.780000686645508,123359500,-1.3633615487347797,-0.7677326498677712,-0.5956288988670084,35.302226392524545,-65939790.97860813,20.754462754493986,22.09903720901996,16.392499160766604,23.37199983596802,30.351500511169434
2022-01-03,16.559999465942383,18.84000015258789,16.05500030517578,18.360000610351562,220099100,-1.6124782138787737,-0.8134794520094122,-0.7989987618693615,31.611339291575568,-264088884.35210705,20.055385539735386,21.617381753100172,15.94424924850464,22.999499797821045,30.05475034713745
2022-01-10,16.010000228881836,17.459999084472656,15.350000381469727,16.190000534057617,235993300,-1.8331538511915326,-0.8273240714577368,-1.0058297797337958,30.467846704261863,-174560384.7516362,19.38115465459313,21.129783359689885,15.4712495803833,22.514499855041503,29.557750129699706
2022-01-17,13.529999732971191,15.75,13.5,15.449999809265137,214838500,-2.182992024244925,-0.941729795608903,-1.2412622286360218,25.91559733061619,-413386519.2776781,18.40596216765614,20.468932609540435,14.62674956321716,21.85899987220764,29.09125018119812
2022-01-24,12.710000038146973,13.819999694824219,11.75,12.789999961853027,335435600,-2.4976174400505684,-1.0050841691316372,-1.4925332709189312,24.60647482316138,-321166899.5146785,17.456635146071278,19.794242820723614,13.925749588012696,21.180499839782716,28.435250091552735
2022-01-31,12.9399995803833,14.369999885559082,12.265000343322754,12.770000457763672,253482600,-2.697308415559778,-0.9638201157126776,-1.7334882998471006,25.739590813991335,-68188378.52830999,16.70386255178995,19.198221669389675,13.460499715805053,20.391999864578246,27.32350001335144
2022-02-07,13.130000114440918,14.164999961853027,12.619999885559082,13.024999618530273,194244900,-2.8078661638480398,-0.8595022912007511,-1.9483638726472887,26.719400804887016,1874963.6492089666,16.10821881223178,18.670550229828915,12.926749897003173,19.620499897003175,26.314249897003176
2022-02-14,11.020000457763672,14.260000228881836,10.569999694824219,13.100000381469727,436959500,-3.030806068437334,-0.8659537566320363,-2.164852311805298,23.077808394785364,-614031275.438171,15.260182419820428,18.005285032258026,12.433749866485595,18.954999923706055,25.476249980926514
2022-02-21,11.470000267028809,11.890000343322754,9.739999771118164,10.699999809265137,392692700,-3.1350375636763186,-0.7761482014968166,-2.358889362179502,25.41258224737836,-86869331.74618267,14.62848539435516,17.436999400498966,11.808249759674073,18.353499937057496,24.89875011444092
2022-02-28,10.960000038146973,12.520000457763672,10.739999771118164,11.960000038146973,286630200,-3.221657271211095,-0.6902143272252741,-2.531442943985821,24.504789169827845,-126410755.65169182,14.017071168320463,16.87378206464227,11.106749486923217,17.701499938964844,24.29625039100647
2022-03-07,11.390000343322754,12.020000457763672,10.718999862670898,11.430000305175781,246054400,-3.218505652813082,-0.549650167061809,-2.668855485751273,26.8765866396501,28398726.175998554,13.579226030820847,16.396931480179706,10.451599502563475,17.04949994087219,23.647400379180908
2022-03-14,12.819999694824219,13.020000457763672,10.270000457763672,11.170000076293945,256034800,-3.0652842866798995,-0.3171430407429012,-2.7481412459369983,34.27196821309693,253552640.69987103,13.452688308154741,16.085893933627055,9.734099483489992,16.396499967575075,23.058900451660158
2022-03-21,12.970000267028809,13.550000190734863,12.420000076293945,12.720000267028809,173653200,-2.898341184528693,-0.12015995087335529,-2.7781812336553378,35.01441092714409,101882933.14339574,13.372240301300419,15.814946658270687,9.145599365234375,15.744999980926513,22.34440059661865
2022-03-28,13.829999923706055,14.359999656677246,12.854999542236328,13.010000228881836,152421300,-2.6659118163900644,0.08981553381221907,-2.7557273502022834,39.25122943554663,121349154.82799828,13.448533571701358,15.642342594395503,9.218349313735962,15.294999980926514,21.37165064811707
2022-04-04,12.699999809265137,14.859999656677246,12.479999542236328,14.029999732971191,178081700,-2.543570732916166,0.16972529382889423,-2.71329602674506,35.935973174207035,-93705175.97722271,13.323777944628656,15.386486700036341,8.758849477767946,14.859499979019166,20.960150480270386
2022-04-11,12.420000076293945,13.199999809265137,12.130000114440918,12.449999809265137,96759300,-2.4410690566660413,0.2177815760632149,-2.6588506327292563,35.1438780572289,-49296777.43406051,13.173148299906206,15.128531341450048,8.395849561691286,14.428999948501588,20.46215033531189
2022-04-18,11.960000038146973,13.329999923706055,11.859999656677246,12.350000381469727,151073200,-2.3696381845084,0.23136995857668552,-2.6010081430850853,33.82480701308915,-62761377.65334365,12.970956922946334,14.853006880293258,8.274349546432495,14.07799997329712,19.881650400161746
2022-04-25,10.399999618530273,12.15999984741211,10.359999656677246,11.829999923706055,195914600,-2.411113880143393,0.1519154103533542,-2.5630292904967473,29.7471111495068,-224671698.0238064,12.54246403887699,14.46578885753126,7.888599300384522,13.650999927520752,19.41340055465698
2022-05-02,9.479999542236328,11.010000228881836,9.420000076293945,10.380000114440918,226021300,-2.4895223214974678,0.05880557519942364,-2.5483278966968914,27.631518329219357,-213516974.83730662,12.03205328943688,14.032241960549094,7.3675994873046875,13.17199993133545,18.97640037536621
2022-05-09,8.34000015258789,8.350000381469727,6.440000057220459,7.78000020980835,482089000,-2.6135229340232122,-0.05215602986105683,-2.5613669041621554,25.236454623781672,-437559768.7832526,11.416711099962047,13.537264412030728,6.624349808692933,12.642499923706055,18.660650038719176
2022-05-16,8.079999923706055,8.581000328063965,7.710000038146973,8.170000076293945,190738600,-2.701631432932551,-0.11221162301631615,-2.589419809916235,24.710382152119504,-178914642.6988182,10.86059257058605,13.06271967391554,6.188199830055238,12.135999965667725,18.08380010128021
2022-05-23,8.850000381469727,8.850000381469727,7.369999885559082,8.010000228881836,186845700,-2.678449947607639,-0.07122411015312302,-2.607225837454516,29.403914253454488,36275968.78784306,10.525493872399997,12.69639625718112,5.998449778556825,11.750500011444093,17.50255024433136
2022-05-30,8.9399995803833,9.390000343322754,8.380000114440918,8.970000267028809,154089700,-2.6225847458288314,-0.012287126699452422,-2.610297619129379,29.95356030128274,21337289.303169675,10.261244823730546,12.369753067894354,5.809949517250061,11.396999979019165,16.98405044078827
2022-06-06,8.260000228881836,9.420000076293945,8.140000343322754,9.109999656677246,152960000,-2.603173669958613,0.0056991593366131355,-2.608872829295226,28.169010711942217,-62229370.76938615,9.927704057922428,12.012383255806311,5.73094961643219,11.133500003814698,16.536050391197207
2022-06-13,8.239999771118164,8.329999923706055,7.5,7.989999771118164,192053900,-2.5598952433866415,0.039182068726868025,-2.5990773121135096,28.115952929023543,-23303900.866661027,9.646420010121718,11.68434990931169,5.693449568748475,10.909999990463257,16.12655041217804
2022-06-20,10.1899995803833,10.199999809265137,8.449999809265137,8.59000015258789,204762200,-2.3412595085140975,0.20625424287952976,-2.5475137513936272,39.98501775865308,258422867.00758615,9.737016605165316,11.554406402448352,5.577699494361877,10.772499990463256,15.967300486564636
2022-06-27,9.270000457763672,10.15999984741211,8.720000267028809,10.149999618530273,197906500,-2.2166729281988378,0.26467265855583166,-2.4813455867546694,36.89021683565528,-35241581.90461899,9.659180580598376,11.35576240725838,5.3959496259689335,10.579500007629395,15.763050389289857
2022-07-04,10.170000076293945,10.380000114440918,9.0,9.140000343322754,182868700,-2.0220062882605507,0.3674714387952953,-2.389477727055846,41.64826459210287,97973979.52587834,9.744317163214305,11.25265263934843,5.699949669837952,10.536999988555909,15.374050307273865
2022-07-11,9.039999961853027,9.994000434875488,8.649999618530273,9.979999542236328,170862400,-1.9365893425861191,0.3623107075757819,-2.298900050161901,37.79533435249176,-96058361.19380715,9.626930962987426,11.060248058696656,5.6729496717453,10.41549997329712,15.15805027484894
2022-07-18,9.84000015258789,10.760000228881836,8.890000343322754,9.25,192914100,-1.7837801609012462,0.4120959114085241,-2.1958760723097703,41.893726813845,70868090.79902726,9.662442494587504,10.954139545121983,5.6034497976303115,10.359499979019166,15.11555016040802
2022-07-25,10.350000381469727,10.350000381469727,9.380000114440918,9.829999923706055,131573200,-1.6030461095746507,0.47426397018809574,-2.0773100797627464,44.40830677254859,68357605.00948614,9.777035475734541,10.901605704804396,5.601099848747253,10.307499980926513,15.013900113105773
2022-08-01,11.449999809265137,11.619999885559082,10.121999740600586,10.25,190808200,-1.3554277832744095,0.5775058371906696,-1.932933620465079,49.48594157619397,162711808.8822768,10.055862864656307,10.949292148670548,5.7203998327255245,10.23899998664856,14.757600140571595
2022-08-08,9.90999984741211,10.399999618530273,9.010000228881836,9.770000457763672,305545500,-1.2688273504146395,0.5312850160403519,-1.8001123664549914,43.49610634416897,-259456102.6021505,10.031552361782275,10.858918905082858,5.370899891853332,10.085999965667725,14.801100039482117
2022-08-15,8.510000228881836,10.100000381469727,8.479999542236328,9.819999694824219,174726700,-1.2981993187358718,0.40153043817529577,-1.6997297569111676,38.88782882731846,-249563576.43208587,9.777960339632203,10.654665107152335,5.087649798393251,9.819999980926514,14.552350163459778
2022-08-22,7.940000057220459,8.430000305175781,7.929999828338623,8.319999694824219,149845800,-1.3518873495618369,0.27827392587946465,-1.6301612754413015,37.16153909175213,-140129279.9591862,9.471633625896914,10.418607276723478,5.119649767875671,9.58199999332428,14.044350218772887
2022-08-29,7.400000095367432,8.0,7.21999979019165,7.820000171661377,149491600,-1.4216214179686109,0.1668318859781528,-1.5884533039467637,35.551411592962566,-100526732.18462741,9.126361370808667,10.156119695735995,4.912149691581726,9.330999994277954,13.749850296974182
2022-09-05,7.789999961853027,7.820000171661377,7.170000076293945,7.449999809265137,114885300,-1.4289444575081873,0.12760707715086128,-1.5565515346590486,37.65248457711483,-3638742.9541040696,8.90363446931606,9.950370153659215,4.826649713516236,9.122499990463258,13.418350267410279
2022-09-12,7.78000020980835,8.100000381469727,7.329999923706055,7.860000133514404,183594100,-1.4191953153446626,0.10988497545150877,-1.5290802907961714,37.61862043716922,-2436844.6359452023,8.716362092731442,9.761642332454791,4.850149703025817,8.99150002002716,13.132850337028504
2022-09-19,7.400000095367432,8.069999694824219,7.130000114440918,7.639999866485596,179738500,-1.4256973320056243,0.08270636703243772,-1.508403699038062,36.28316098557428,-46346048.59160768,8.496968426504107,9.556282137925455,4.843649816513061,8.887500047683716,12.93135027885437
2022-09-26,8.130000114440918,8.5,7.349999904632568,7.349999904632568,214481000,-1.356310621805294,0.12167446178621466,-1.4779850835915087,40.6425619558106,88932073.19673105,8.435807041160242,9.432257614144191,5.116649723052978,8.877000045776366,12.637350368499755
2022-10-03,8.149999618530273,8.609999656677246,7.96999979019165,8.145000457763672,166831400,-1.2848958813300406,0.15447136180917442,-1.439367243139215,40.762140425417265,31868387.90993228,8.388172470721914,9.320756918873418,5.154799771308898,8.880500030517577,12.606200289726257
2022-10-10,7.53000020980835,8.3100004196167,7.53000020980835,8.170000076293945,171371700,-1.2637601157693528,0.14048570189588983,-1.4042458176652426,38.193385171947526,-60210772.47780318,8.245143760569654,9.165038944172107,5.193799805641175,8.81450002193451,12.435200238227845
2022-10-17,8.289999961853027,8.329999923706055,7.690000057220459,7.710000038146973,152861300,-1.1721721697593335,0.18565891832472725,-1.3578310880840607,42.940205650684454,57379442.57221699,8.252619794116884,9.088948597883492,5.19279990196228,8.782000041007995,12.37120018005371
2022-10-24,8.640000343322754,9.050000190734863,8.010000228881836,8.300000190734863,142232800,-1.0591368862466695,0.23895536146991314,-1.2980922477165826,45.033850043734574,52314170.362410545,8.317183218984528,9.049909619226039,5.247799873352051,8.801000046730042,12.354200220108034
2022-10-31,7.929999828338623,9.0600004196167,7.650000095367432,8.59000015258789,197977100,-1.0151447606301058,0.22635798966918141,-1.2415027502992872,41.69190513309518,-76271171.84923965,8.252652653876877,8.952526159148873,5.145299816131592,8.785500049591064,12.425700283050537
2022-11-07,8.40999984741211,8.420000076293945,6.889999866485596,7.78000020980835,312107900,-0.9308187944730317,0.24854716466100446,-1.1793659591340362,44.680752566057805,74450808.01891062,8.27887718613275,8.905349958128285,5.120799803733826,8.696500062942505,12.272200322151184
2022-11-14,7.389999866485596,8.470000267028809,7.309999942779541,8.180000305175781,161284500,-0.9355113403273201,0.19508369504537293,-1.130595035372693,39.98973543974614,-84856521.94285798,8.130730966191559,8.773580384941965,5.073299622535705,8.6025000333786,12.131700444221496
2022-11-21,7.28000020980835,7.420000076293945,6.980000019073486,7.309999942779541,98940700,-0.9373016398588945,0.15463471641103887,-1.0919363562699334,39.50800127511106,-35541136.001890264,7.988942506794357,8.643703847973825,5.069799637794494,8.458000040054321,11.846200442314148
2022-11-28,7.659999847412109,7.880000114440918,7.0329999923706055,7.230000019073486,127552900,-0.8977094346134304,0.15538153732520232,-1.0530909719386328,42.10273903049056,20466325.182908982,7.93411873023065,8.55816436966411,5.101749682426453,8.389000034332275,11.676250386238097
2022-12-05,7.110000133514404,7.695000171661377,6.880000114440918,7.619999885559082,139852900,-0.9003342146937143,0.12220540579593475,-1.022539620489649,39.46420408919536,-44457261.59753991,7.7967656307779425,8.432237044781528,5.123499655723572,8.2525000333786,11.38150041103363
2022-12-12,6.900000095367432,7.96999979019165,6.760000228881836,7.110000133514404,144432700,-0.9088825871478985,0.09092562667340054,-0.999808213821299,38.47280627131501,-35039668.87229347,7.647304708209525,8.298999049180303,4.9149997472763065,8.080000019073486,11.245000290870665
2022-12-19,6.289999961853027,6.829999923706055,6.039999961853027,6.800000190734863,154620800,-0.9538833729447997,0.036739872701199494,-0.9906232456459992,35.66970153344617,-74559028.72016716,7.421087250483442,8.124303476369235,4.752699756622315,7.822000026702881,10.891300296783447
2022-12-26,6.420000076293945,6.525000095367432,5.920000076293945,6.150000095367432,135195200,-0.9678995535659469,0.018178953664041875,-0.9860785072299888,36.727730026036916,-13136081.92548053,7.254239388118526,7.976103180710515,4.853449702262878,7.647500038146973,10.441550374031067
2023-01-02,6.400000095367432,6.675000190734863,6.090000152587891,6.579999923706055,126412800,-0.9694461373907162,0.01330589587141806,-0.9827520332621342,36.627922196750795,-6064196.367738302,7.11186617266001,7.839050738506769,4.9031998157501215,7.542000031471252,10.180800247192384
2023-01-09,6.960000038146973,7.050000190734863,6.400000095367432,6.489999771118164,136335700,-0.9149376690272444,0.054251491387911854,-0.9691891604151562,41.427544251468504,48877257.34329301,7.086555150241171,7.762611547171135,4.843699860572815,7.493000030517578,10.14230020046234
2023-01-16,7.019999980926514,7.300000190734863,6.670000076293945,6.989999771118164,117247100,-0.857018643745505,0.08973641333572113,-0.9467550570812261,41.93496859180636,20982298.641809087,7.075462622022062,7.698036628367255,4.847199869155884,7.474000024795532,10.10080018043518
2023-01-23,7.550000190734863,7.730000019073486,6.690000057220459,7.03000020980835,156991500,-0.7595946767879704,0.14972830423460448,-0.9093229810225749,46.355861800870656,62464451.50602137,7.154552216807529,7.685163894660091,4.776699900627136,7.462000036239624,10.147300171852113
2023-01-30,8.40999984741211,9.210000038146973,7.360000133514404,7.5,256350700,-0.6060050471371543,0.24265434710833655,-0.8486593942454909,52.65493936051373,167795826.49465492,7.363793488574959,7.7481931079428765,4.64619996547699,7.493500018119812,10.340800070762635
2023-02-06,7.510000228881836,8.569999694824219,7.460000038146973,8.3100004196167,192561900,-0.5505600926537477,0.2384794412733946,-0.7890395339271423,46.50109392940109,-59605148.864091456,7.3881612786261055,7.727480683676699,4.626199960708618,7.499000024795532,10.371800088882447
2023-02-13,9.199999809265137,10.3100004196167,7.449999809265137,7.579999923706055,607439300,-0.36603134306889373,0.3384065526865989,-0.7044378957554926,56.72798329174413,664513058.4508535,7.690134367065944,7.855525825032216,4.423199868202209,7.552500009536743,10.681800150871277
2023-02-20,8.09000015258789,9.100000381469727,7.869999885559082,9.010000228881836,222106700,-0.3058332202166216,0.3188837404310968,-0.6247169606477184,49.971208560251185,57145445.653140455,7.756778664652936,7.875914896993579,4.316699886322021,7.549500036239624,10.782300186157226
2023-02-27,8.329999923706055,8.5,7.559999942779541,8.119999885559082,175913900,-0.23603888900137981,0.31094245731707093,-0.5469813463184507,51.321271415458895,47194679.04204922,7.852315541161789,7.9154005514903165,4.33269989490509,7.5895000219345095,10.846300148963929
2023-03-06,7.349999904632568,8.579999923706055,7.28000020980835,8.34000015258789,164818900,-0.25684345849955825,0.23211031025511403,-0.4889537687546723,45.8771214791577,-91950123.74843094,7.7685962684069185,7.866235277850512,4.210699892044067,7.542500019073486,10.874300146102906
2023-03-13,7.880000114440918,8.149999618530273,7.190000057220459,7.289999961853027,166037200,-0.22793712489091789,0.20881331509100354,-0.4367504399819214,49.02641056426065,28016459.307850286,7.7871635760792515,7.867432220162721,4.1846999406814565,7.504500007629394,10.824300074577332
2023-03-20,8.199999809265137,8.619999885559082,7.71999979019165,7.764999866485596,127316300,-0.17716509726408525,0.20766827417426897,-0.3848333714383542,50.884672338393436,36499604.53338255,7.855969614943565,7.896351140954236,4.274699974060059,7.51800000667572,10.761300039291381
2023-03-27,8.449999809265137,8.479999542236328,7.940000057220459,8.149999618530273,98043400,-0.11542444773008143,0.21552713896661824,-0.33095158669669966,52.34628915048005,28507101.511127517,7.954974647330494,7.9444945034160535,4.425200080871582,7.520000004768372,10.614799928665162
2023-04-03,8.09000015258789,8.649999618530273,7.789999961853027,8.369999885559082,124908700,-0.09445468697279136,0.18919751977912663,-0.283652206751918,50.03712099890848,-20475692.24029158,7.977478898206727,7.957147168561431,4.5052001953125,7.5550000190734865,10.604799842834474
2023-04-10,8.8100004196167,8.90999984741211,7.900000095367432,8.0,163921700,-0.019513061807684196,0.21131131595538705,-0.23082437776307124,54.372358858228864,71857214.43444698,8.11623248510839,8.031308320827106,4.496200251579285,7.631500029563904,10.766799807548523
2023-04-17,8.180000305175781,9.039999961853027,8.09000015258789,8.8100004196167,103896200,-0.010832161627373438,0.17599377290855828,-0.18682593453593171,50.26271600169995,-19684007.115168672,8.12686045511962,8.044238058596557,4.506750321388244,7.657500052452088,10.808249783515931
2023-04-24,7.75,8.25,7.619999885559082,8.15999984741211,109995000,-0.03820946176648299,0.11889317821555898,-0.15710263998204196,47.61724508489404,-38093258.08359627,8.064050379266352,8.018652140457727,4.566500306129456,7.689500045776367,10.81249978542328
2023-05-01,7.409999847412109,7.909999847412109,7.28000020980835,7.75,157055200,-0.08634599727545655,0.056605314165268344,-0.1429513114407249,45.57468092487928,-48296947.33767987,7.955041957290645,7.965725854105934,4.679000282287598,7.715000033378601,10.750999784469604
2023-05-08,9.5,10.300000190734863,7.590000152587891,7.639999866485596,614038100,0.04364785171769192,0.14927933052673348,-0.10563147880904154,57.61149237484739,839460832.683959,8.21253496440887,8.099140997227158,4.535000252723694,7.87550003528595,11.215999817848207
2023-05-15,11.710000038146973,12.40999984741211,9.020000457763672,9.210000038146973,479425500,0.3212937723284046,0.34154020090995696,-0.020246428581552317,66.1392946318653,986173859.7537407,8.795445810031888,8.413128739915837,4.3817503452301025,8.140000033378602,11.898249721527101
2023-05-22,13.649999618530273,14.194999694824219,11.390000343322754,11.619999885559082,549444800,0.689918961300954,0.568132311906005,0.12178664939494896,71.55011952203866,1039339740.8804381,9.604538111448285,8.868508816317094,4.41125042438507,8.502500009536742,12.593749594688415
2023-05-29,14.520000457763672,15.220000267028809,13.819999694824219,14.4399995803833,494825000,1.0402673220439222,0.7347845381191787,0.30548278392474365,73.58840419840469,633445357.1425903,10.423781835834184,9.359942872095058,4.65125036239624,8.880500030517577,13.109749698638915
2023-06-05,15.020000457763672,17.15999984741211,14.364999771118164,14.364999771118164,620121200,1.3427879200956063,0.8298441089366901,0.5129438111589162,74.70983151831135,417855519.0475301,11.189818272822432,9.852121792587981,4.726500391960144,9.280500054359436,13.834499716758728
2023-06-12,16.299999237060547,16.90999984741211,15.163000106811523,15.4399995803833,455213000,1.6666112209621105,0.9229339278425553,0.7436772931195551,77.36002000565648,527733229.2292223,12.04151510019545,10.41280678775951,5.036500430107116,9.71800000667572,14.399499583244323
2023-06-19,14.029999732971191,16.889999389648438,13.5600004196167,15.989999771118164,357321600,1.7202436333266053,0.7812530721656401,0.9389905611609652,64.45936024228902,-364835493.45720255,12.372929205658075,10.72734530473444,5.095500564575197,9.999000000953675,14.902499437332153
2023-06-26,15.329999923706055,15.800000190734863,13.829999923706055,13.869999885559082,260473300,1.8463631324932894,0.7258980570658593,1.1204650754274301,67.77377684153849,104131728.63515864,12.865774325332739,11.127576141166754,5.357500457763672,10.389999985694885,15.422499513626098
2023-07-03,15.34000015258789,15.899999618530273,14.619999885559082,15.489999771118164,169861100,1.9249312696715144,0.6435729553952674,1.281358314276247,67.79865436142644,35843009.463799834,13.278145296541929,11.493873881290332,5.901500606536866,10.697000002861023,15.49249939918518
2023-07-10,16.399999618530273,17.260000228881836,14.944999694824219,15.369999885559082,279556100,2.049109325773257,0.6142008091976077,1.4349085165756492,70.40645867855774,209500547.6218902,13.798454350206653,11.920493510615545,6.16925048828125,11.112499976158142,16.055749464035035
2023-07-17,16.43000030517578,18.9950008392334,16.0,16.420000076293945,365887200,2.125441369508186,0.5524262823460295,1.5730150871621567,70.47932678239466,77151427.36383156,14.237045342701506,12.31262453622948,6.266000390052795,11.517499995231628,16.76899960041046
2023-07-24,17.809999465942383,17.969999313354492,16.0,16.610000610351562,265362100,2.2711095263473258,0.5584755513481352,1.7126339749991906,73.68866656358725,269850125.9874525,14.832537696574986,12.790657138813213,6.688500428199768,12.04049997329712,17.392499518394473
2023-07-31,18.200000762939453,20.239999771118164,18.079999923706055,18.81999969482422,466051500,2.390466624185766,0.5422661193492604,1.8482005048365058,74.53135530049916,211123834.97410426,15.393781540969064,13.261034845258973,6.9840003490448,12.556500005722047,18.128999662399295
2023-08-07,15.40999984741211,18.389999389648438,14.90999984741211,18.25,532672000,2.2341740594395034,0.30877884368239816,1.9253952157571053,59.78078198463932,-920395633.4591527,15.396484592042905,13.447901367185333,6.957500433921814,12.917000007629394,18.876499581336972
2023-08-14,14.399999618530273,15.869999885559082,13.680000305175781,15.199999809265137,293040100,2.0056921279532585,0.06423752975692265,1.9414545981963358,55.49870435732859,-504112256.5340883,15.230403763124134,13.530692519476197,7.007500410079956,13.214499998092652,19.421499586105348
2023-08-21,14.529999732971191,15.710000038146973,13.875,14.420000076293945,298091500,1.8141955568245312,-0.101807233097444,1.9160027899219751,55.936208085192185,-142202799.43545288,15.113669758098643,13.617588798910544,7.183250331878662,13.536499977111816,19.889749622344972
2023-08-28,15.180000305175781,16.350000381469727,14.5,14.6899995803833,295477000,1.69533993498416,-0.17653028395025228,1.8718702189344123,58.15156163951043,80639212.90371275,15.124724849278167,13.753450669020566,7.375750231742859,13.85499997138977,20.33424971103668
2023-09-04,15.130000114440918,15.619999885559082,14.289999961853027,15.079999923706055,158217300,1.5789107011191614,-0.23436761425220087,1.8132783153713623,57.91037117571674,21605807.516200863,15.125604060138626,13.873150620796249,7.666250205039978,14.202499961853027,20.738749718666078
2023-09-11,15.329999923706055,16.149999618530273,15.170000076293945,15.40999984741211,223881400,1.4856523322931565,-0.26210078646256485,1.7477531187557214,58.649168980486614,37052760.70407481,15.159670037399863,13.999833168875362,7.986750292778015,14.58149995803833,21.176249623298645
2023-09-18,14.130000114440918,15.630000114440918,13.680000305175781,15.180000305175781,233395400,1.2999296672910248,-0.35825876117175737,1.6581884284627821,52.674829240685334,-174365370.08754858,14.988058383573373,14.01115203370715,8.124750280380248,14.91749997138977,21.710249662399292
2023-09-25,16.0,16.809999465942383,13.819999694824219,14.0,284261100,1.2887802235614085,-0.2955265639210991,1.5843067874825076,59.584007360820856,296257026.28341633,15.156715319644476,14.18409533512392,8.434750366210938,15.24249997138977,22.050249576568604
2023-10-02,16.610000610351562,16.69499969482422,14.819999694824219,16.030000686645508,260567700,1.3140189676353504,-0.21623025587772604,1.5302492235130765,61.555701359613934,204716646.11974066,15.398929534762324,14.395043619926325,8.907000303268433,15.4875,22.06799969673157
2023-10-09,17.360000610351562,18.440000534057617,16.219999313354492,16.25,374360800,1.378647397121938,-0.12128146111291094,1.499928858234849,63.888349733739496,255419282.03991356,15.725774714027198,14.652865966919824,9.180250072479247,15.673000049591064,22.16575002670288
2023-10-16,16.110000610351562,18.219999313354492,15.8100004196167,17.209999084472656,253638400,1.3138560253849683,-0.1488582662799045,1.4627142916648728,57.61386875040051,-126225572.65336211,15.789812363414592,14.779573327218237,9.133750343322752,15.752500057220459,22.371249771118165
2023-10-23,15.069999694824219,16.93000030517578,14.960000038146973,15.899999618530273,231772900,1.1651578004163863,-0.23804519299878923,1.4032029934151755,52.95410240839425,-202771209.68073902,15.669843585316197,14.804827793966584,9.260000276565552,15.755000019073487,22.24999976158142
2023-10-30,18.889999389648438,19.07900047302246,14.479999542236328,15.270000457763672,420947200,1.3401075109208094,-0.05047638599549287,1.3905838969163022,64.35720723388928,1004421713.7978265,16.20653621937157,15.160060106634573,8.983150053024293,15.88450002670288,22.78585000038147
2023-11-06,19.670000076293945,19.719999313354492,17.93000030517578,18.989999771118164,323507000,1.5241267689581512,0.10683429763347907,1.4172924713246722,66.16079724181125,503031026.0223611,16.783780195525303,15.552228799648432,9.496150064468384,16.166500043869018,22.83685002326965
2023-11-13,20.489999771118164,20.579999923706055,19.290000915527344,19.59000015258789,353081700,1.716345516364175,0.2392424360316021,1.4771030803325729,67.9943608817577,360694932.83946466,17.401483458124112,15.981600188471887,9.856150245666505,16.424500036239625,22.992849826812744
2023-11-20,19.200000762939453,21.850000381469727,18.93000030517578,20.649999618530273,305039700,1.7444788532365294,0.2139006183231651,1.5305782349133643,62.27738207066156,-142102296.02359945,17.701236342260003,16.261461107990808,9.80315022468567,16.617500066757202,23.431849908828735
2023-11-27,20.270000457763672,20.309999465942383,18.6200008392334,19.1299991607666,292598000,1.8319966415044178,0.24113472527284263,1.5908619162315751,64.91264119347493,161352415.12958467,18.12936369484395,16.610029747101493,10.090400552749635,16.811000108718872,23.53159966468811
2023-12-04,17.770000457763672,19.899999618530273,17.049999237060547,19.75,369379900,1.6802570552014373,0.07151611117588974,1.6087409440255476,55.20828373794887,-561849028.2901384,18.069469821997238,16.710896765419943,10.123650503158572,16.878000116348268,23.632349729537964
2023-12-11,18.200000762939453,19.149999618530273,17.219999313354492,17.969999313354492,310311300,1.5765265540356097,-0.02577151199195038,1.60229806602756,56.41522396399609,-98327040.29705054,18.091224978820943,16.840384069552076,10.149150419235227,16.89750018119812,23.64584994316101
2023-12-18,17.40999984741211,18.575000762939453,17.190000534057617,18.209999084472656,226493900,1.4142700877350123,-0.1504223826340383,1.5646924703690506,53.55980050252812,-152062605.67325595,17.97768745691947,16.889915876322515,10.266400384902955,16.858000135421754,23.449599885940554
2023-12-25,17.170000076293945,17.90999984741211,17.100000381469727,17.440000534057617,142464100,1.2518837567523526,-0.25024697089335834,1.502130727645711,52.68733481956743,-73481769.48612215,17.84307289348188,16.914271024146117,10.754900407791137,16.946000146865845,23.137099885940554
2024-01-01,15.979999542236328,16.950000762939453,15.663999557495117,16.950000762939453,186058400,1.0154626997698664,-0.38933442230067583,1.4047971220705422,48.47120270693655,-172100320.07264453,17.53256066827429,16.833030025719182,10.93650026321411,17.025000143051148,23.113500022888186
2024-01-08,16.760000228881836,17.059999465942383,16.139999389648438,16.219999313354492,199552700,0.8808825794188984,-0.41913163412131516,1.3000142135402135,51.22623548254322,46400721.9904285,17.403800595042213,16.82667960860289,11.161250305175782,17.13650016784668,23.111750030517577
2024-01-15,16.780000686645508,16.809999465942383,16.049999237060547,16.59000015258789,139270500,0.7669992443852536,-0.4264119753239679,1.1934112197092215,51.298139300663905,17323889.832126476,17.299833943642764,16.822620571910946,11.40475034713745,17.216500186920165,23.028250026702878
2024-01-22,16.350000381469727,18.350000381469727,16.309999465942383,17.459999084472656,239280100,0.634731658468688,-0.446943648992427,1.081675307461115,49.60495494927935,-62819047.404285476,17.141528349947258,16.781523164046494,11.359250211715699,17.277500200271607,23.195750188827517
2024-01-29,17.020000457763672,17.239999771118164,16.030000686645508,16.450000762939453,213396800,0.5773170982843574,-0.4034865673414061,0.9808036656257635,52.249617468133856,74377565.7191607,17.121273701249994,16.8022603200219,11.415250301361084,17.362000226974487,23.30875015258789
2024-02-05,24.3799991607666,25.110000610351562,16.479999542236328,17.559999465942383,1204844400,1.112877472188213,0.10565904524995973,1.0072184269382534,70.53947891983064,5936561336.119949,18.331061277836096,17.461194132260573,10.92575006484985,17.87450017929077,24.82325029373169
2024-02-12,24.440000534057617,25.524999618530273,23.309999465942383,23.90999984741211,443450600,1.5245801257123048,0.4138893590192412,1.1106907666930637,70.63821687369159,1996592208.6978,19.349217820539682,18.068046862851624,11.464000034332276,18.296500205993652,25.12900037765503
2024-02-19,22.969999313354492,24.06999969482422,22.290000915527344,23.84000015258789,267084800,1.7124999976114132,0.48144738473467963,1.2310526128767336,64.89936112043314,403787414.87843347,19.952681402675484,18.49430359767796,11.740750026702884,18.6145001411438,25.488250255584717
2024-02-26,24.93000030517578,25.690000534057617,22.940000534057617,23.030000686645508,284624700,1.9965683524627131,0.6124125916687837,1.3841557607939294,68.56630523965136,506505601.1573691,20.7822345530922,19.053929398329945,12.039750194549562,18.99300012588501,25.94625005722046
2024-03-04,26.040000915527344,27.5,23.43000030517578,24.399999618530273,522737800,2.284923170878951,0.7206139280680173,1.5643092428109338,70.44913509771511,555661385.088345,21.65852894683139,19.661413878086243,12.287250089645386,19.4895001411438,26.691750192642214
2024-03-11,23.489999771118164,26.829999923706055,23.420000076293945,25.889999389648438,306230200,2.281384282951585,0.5736600321125207,1.7077242508390642,61.35671330891305,-335371111.9389863,21.96377408421252,19.994334390523804,12.49225015640259,19.910500144958498,27.328750133514404
2024-03-18,24.18000030517578,25.329999923706055,22.920000076293945,23.770000457763672,190057900,2.3076557463184777,0.4799451963835306,1.827710549934947,62.75738953662077,-24363668.97841598,22.33314512103973,20.35830533962398,13.085100364685058,20.175000190734863,27.26490001678467
2024-03-25,23.010000228881836,25.479999542236328,22.940000534057617,24.1200008392334,181474700,2.208607391060333,0.3047174729003088,1.9038899181600244,58.86141974679999,-149671498.22308588,22.445954305680083,20.588887503907273,13.139600372314451,20.342000198364257,27.544400024414063
2024-04-01,22.959999084472656,24.100000381469727,21.719999313354492,22.979999542236328,214689100,2.1018473930441317,0.15836597990728585,1.9434814131368459,58.69372435976806,-57046966.53581318,22.531628435478847,20.795071119608615,13.099600028991699,20.465500164031983,27.831400299072268
2024-04-08,22.670000076293945,23.200000762939453,22.010000228881836,23.079999923706055,144138300,1.9711170190964502,0.022108484767683345,1.9490085343287669,57.66754541184112,-46882298.20564806,22.554690375614697,20.958108420189948,13.532599925994873,20.639000129699706,27.74540033340454
2024-04-15,20.469999313354492,23.1299991607666,20.329999923706055,22.790000915527344,176031900,1.6707314285713721,-0.22262168460591591,1.893353113177288,50.45996669129681,-273807642.26967037,22.207241865238,20.915664150030345,13.376099777221679,20.649000072479247,27.921900367736814
2024-04-22,22.520000457763672,22.670000076293945,20.360000610351562,20.719999313354492,161972100,1.579879773114886,-0.2507786720499219,1.8306584451648078,55.980928707037194,130092779.48501526,22.25936829732561,21.055171655050636,13.75010004043579,20.886500072479247,28.022900104522705
2024-04-29,23.329999923706055,23.639999389648438,21.6299991607666,22.75,181655200,1.5553107152897994,-0.22027818390000675,1.7755888991898061,57.97386417869182,141458003.15210956,22.437806901722354,21.25298280884676,13.994600009918212,21.143000030517577,28.29140005111694
2024-05-06,20.600000381469727,25.354999542236328,20.5,24.3700008392334,518528400,1.3005593735642265,-0.3800236205004637,1.6805829940646901,49.79164091809766,-896568862.0403205,22.131505815013583,21.196201728205278,13.633600139617922,21.30250005722046,28.971399974822997
2024-05-13,21.760000228881836,22.16900062561035,20.600000381469727,20.600000381469727,192292200,1.178682277435307,-0.40152057330350654,1.5802028507388135,52.837540381543526,-150150338.9077477,22.06958821732496,21.24522768478585,13.74925003051758,21.532000064849854,29.314750099182127
2024-05-20,21.010000228881836,21.770000457763672,20.6299991607666,21.770000457763672,147383200,1.009933187562961,-0.4562157305406822,1.4661489181036431,50.696118384927395,-123741712.96924923,21.892990219251107,21.224773123402894,14.055649948120116,21.783500099182127,29.51135025024414
2024-05-27,21.68000030517578,22.200000762939453,20.639999389648438,21.059999465942383,143107600,0.919660451583141,-0.43719077321640176,1.3568512247995428,52.546356003210775,22674164.28907919,21.857491900238553,21.264358095730973,14.229649734497073,22.029500102996828,29.829350471496582
2024-06-03,23.309999465942383,23.950000762939453,21.0049991607666,21.700000762939453,213225800,0.968481911129242,-0.31069545093624074,1.2791773620654827,56.79435227590225,239263304.79888454,22.099576494522527,21.442239954010226,14.228399467468265,22.35600004196167,30.483600616455078
2024-06-10,23.56999969482422,24.329999923706055,22.65999984741211,22.75,153307300,1.0164362705006198,-0.2101928732518905,1.2266291437525103,57.448684907336656,106327723.65913238,22.34464702790614,21.627262540167965,14.644899559020995,22.717000007629395,30.789100456237794
2024-06-17,23.84000015258789,26.56999969482422,23.450000762939453,23.469999313354492,245276700,1.0639625285134642,-0.13013329219123704,1.1940958207047012,58.157368698612316,79592455.40555269,22.593872548686434,21.819674506465354,14.699399566650388,23.057999992370604,31.41660041809082
2024-06-24,25.329999923706055,25.56999969482422,23.299999237060547,23.440000534057617,167235300,1.207933652247899,0.011070265234558008,1.196863387013341,61.92592697920932,192651190.9504359,23.049893777856372,22.124920194921067,15.700899696350099,23.10550003051758,30.51010036468506
2024-07-01,27.229999542236328,27.25,25.142000198364258,25.479999542236328,130453600,1.4585328366832968,0.20933555973596452,1.2491972769473323,66.1166983294821,229458257.14074588,23.746578071919696,22.56884013816587,15.856449699401857,23.244999980926515,30.633550262451173
2024-07-08,28.06999969482422,28.59000015258789,26.84000015258789,27.93000030517578,248215700,1.705258331399719,0.3648488435619093,1.3404094878378097,67.80394220596965,215486902.96338868,24.467148342403785,23.04720183874486,16.171449661254883,23.5,30.828550338745117
2024-07-15,28.579999923706055,29.829999923706055,27.469999313354492,28.420000076293945,279787700,1.9198124172404825,0.46352234352213806,1.4562900737183444,68.81915188889731,166956828.34667787,25.152623605954165,23.52831471569801,16.412449550628665,23.682499980926515,30.952550411224365
2024-07-22,27.18000030517578,29.190000534057617,25.420000076293945,28.93000030517578,191083000,1.9543512623071493,0.3984489508710438,1.5559023114361055,62.951042396896284,-122691808.62285419,25.4905197224911,23.845852593043904,16.514449405670163,23.739499950408934,30.964550495147705
2024-07-29,24.739999771118164,27.799999237060547,23.75,27.559999465942383,174252500,1.764495884502285,0.16687485845294336,1.5976210260493415,54.26614743448694,-324348064.914868,25.365433063928943,23.923604521572102,16.4809494972229,23.801999950408934,31.12305040359497
2024-08-05,30.010000228881836,30.360000610351562,21.229999542236328,21.739999771118164,448645600,2.0160394753371413,0.33473475943023967,1.6813047159069017,65.3766972825965,1468125656.6108153,26.139527591421093,24.452856322207733,15.764449310302734,24.09349994659424,32.42255058288575
2024-08-12,32.08000183105469,32.75,29.270000457763672,30.219999313354492,283348300,2.3552713113459127,0.5391732763512089,1.8160980349947038,68.6031718945113,880396175.5189077,27.129606631360026,25.1160863664553,16.076949310302737,24.547000026702882,33.01705074310303
2024-08-19,31.780000686645508,33.125,31.621999740600586,32.41999816894531,208927600,2.570278825914489,0.6033446327358281,1.9669341931786608,67.61968223514624,251679712.44052702,27.904672307240943,25.695557176906625,16.649499511718748,24.988000106811523,33.326500701904294
2024-08-26,31.479999542236328,31.81999969482422,29.75,31.43000030517578,174907300,2.6855093648297093,0.5748601373208384,2.110649227508871,66.59159561608745,48911644.03649588,28.500560179740177,26.198552165196165,16.957999610900877,25.42850008010864,33.899000549316405
2024-09-02,30.329999923706055,31.589000701904297,29.309999465942383,31.350000381469727,142910200,2.653447744953695,0.4342388139558593,2.219208930997836,62.65882773017684,-93260568.97722477,28.80546680373449,26.557808492023113,17.52914934158325,25.92150011062622,34.31385087966919
2024-09-09,35.59000015258789,36.0099983215332,32.470001220703125,32.70000076293945,404724800,3.0176906793211415,0.6387853986586447,2.378905280662497,71.07365499588164,1388148170.7636952,29.936222361876723,27.34321646250701,17.677149486541747,26.575000095367432,35.47285070419312
2024-09-16,37.20000076293945,37.349998474121094,35.560001373291016,35.779998779296875,715681400,3.3971096574510753,0.8145635014308628,2.5825461560202125,73.07378201220217,1230881050.7994056,31.146852095387178,28.200328140805485,18.40364999771118,27.268500137329102,36.13335027694703
2024-09-23,36.84000015258789,38.189998626708984,36.382999420166016,36.86000061035156,297312700,3.626943740830235,0.8355180678480179,2.7914256729822173,71.87699787690089,338938514.6229546,32.09571010492063,28.951603967917002,19.672850036621092,28.08050012588501,36.48815021514893
2024-09-30,40.0099983215332,40.290000915527344,36.04999923706055,36.58000183105469,249686000,4.01855783398242,0.9817057288001623,3.036852105182258,75.657578273418,640648946.7485044,33.41475814102272,29.913203476927105,20.184699726104736,28.993000030517578,37.80130033493042
2024-10-07,43.5099983215332,44.380001068115234,38.775001525878906,39.900001525878906,321795600,4.55878474076567,1.2175461084667294,3.341238632298941,79.01229241514007,964406048.9161682,35.0972981711078,31.095533463414593,20.639949893951414,30.117999935150145,39.59604997634888
2024-10-14,42.970001220703125,44.38999938964844,40.36000061035156,43.720001220703125,216463200,4.887010785150533,1.2366177222812733,3.65039306286926,77.24356019646974,243542349.3477885,36.40941534604036,32.12809587709186,21.333950328826905,31.182499980926515,41.03104963302613
2024-10-21,44.86000061035156,45.06999969482422,42.05500030517578,42.86000061035156,178693600,5.239244693912333,1.2710813048344587,3.9681633890778745,79.01426636364414,306334646.40531754,37.81784622342556,33.23521802781009,22.400950717926023,32.26000003814697,42.11904935836792
2024-10-28,41.91999816894531,45.13999938964844,40.900001525878906,45.04999923706055,178889500,5.220974830021937,1.0022491527552502,4.218725677266687,69.90244386007778,-248512162.359523,38.50153821434552,33.99041630095228,22.932950973510746,33.17749996185303,43.42204895019532
2024-11-04,58.38999938964844,58.47999954223633,41.03200149536133,41.08000183105469,604252600,6.461008796659371,1.7938264955141463,4.667182301145225,82.25079998938436,6551856652.28885,41.816281743562676,36.112119178230216,22.511251068115236,34.90499992370606,47.29874877929688
2024-11-11,65.7699966430664,66.0,58.529998779296875,60.132999420166016,468605100,7.947633379948151,2.624360863042341,5.32327251690581,85.18408150423664,4489488451.388052,45.808567560146635,38.69106504473771,23.73225088119507,36.926999759674075,50.12174863815308
2024-11-18,64.3499984741211,64.91999816894531,58.849998474121094,64.91999816894531,390336000,8.90852021229616,2.86819815631228,6.04032205598388,82.36357931432494,1126978546.9470592,48.89880604580904,40.92227664729279,24.866451072692875,38.78299970626831,52.69954833984375
2024-11-25,67.08000183105469,67.87999725341797,63.88999938964844,66.9000015258789,211508000,9.77760822380801,2.989828934259302,6.787779289548707,83.49504751963603,760604548.9945601,51.929005343349985,43.196861445880785,26.48095149993896,40.73349981307983,54.9860481262207
2024-12-02,76.33999633789062,76.81999969482422,65.95999908447266,67.44000244140625,393667900,11.085780920280754,3.4384013045856374,7.647379615695117,86.62862364186869,2683776577.3432794,55.997503842440096,46.07887317562077,27.593951320648195,43.121499633789064,58.64904794692993
2024-12-09,76.06999969482422,80.91000366210938,68.06999969482422,80.58000183105469,497317500,11.962830669121281,3.45236084274093,8.510469826380351,86.11524437184485,805076155.4223082,59.342919817837455,48.686797220768895,28.67795076370239,45.565999603271486,62.45404844284058
2024-12-16,80.55000305175781,80.66000366210938,70.2699966430664,75.05999755859375,691967500,12.871028538775981,3.488446969916504,9.382581568859477,87.44479638608139,2335036533.7334003,62.87743369015752,51.45751077128968,30.51744976043701,48.35649976730347,66.19554977416993
2024-12-23,79.08000183105469,84.7969970703125,77.41000366210938,80.6500015258789,286155800,13.318636133705475,3.148843651876799,10.169792481828676,84.58277381528393,497912594.37028074,65.57786171364037,53.85946651561707,33.23240098953247,50.80999984741211,68.38759870529174
2024-12-30,79.88999938964844,79.9800033569336,72.41999816894531,77.04000091552734,251751000,13.582161705532869,2.729895378963354,10.852266326569515,84.87649962046669,301915995.03911704,67.96321799297505,56.12299111335893,35.010900020599365,53.2004997253418,71.39009943008423
2025-01-06,67.26000213623047,80.05999755859375,65.04000091552734,78.69000244140625,366844900,12.626323991386705,1.4192461318537521,11.207077859532953,64.30432247221455,-2988194721.273887,67.84601535018429,57.0914268544782,34.75735063552857,54.974499797821046,75.19164896011353
2025-01-13,71.7699966430664,72.33999633789062,63.400001525878906,64.29000091552734,299549700,12.093330198895714,0.7090018714902069,11.384328327405507,67.34775245823153,-95419906.07506049,68.5000122323313,58.36782422739892,35.74135122299194,56.988999652862546,78.23664808273315
2025-01-20,78.9800033569336,82.23999786376953,70.60099792480469,73.23999786376953,256975200,12.113083971709607,0.5830045154432781,11.530079456266328,71.52722789644501,1203388642.8398886,70.24667741976502,60.160187629967155,36.76985158920288,59.42149982452393,82.07314805984498
2025-01-27,82.48999786376953,85.22000122070312,72.66999816894531,74.06999969482422,316339900,12.270519293158017,0.592351869513351,11.678167423644666,73.31777669901322,1141363755.1419828,72.28723082709911,62.10191025899345,38.084350776672366,61.76649971008301,85.44864864349366
2025-02-03,110.8499984741211,116.30000305175781,78.47000122070312,80.125,720040700,14.516367308301952,2.2705599077258274,12.245807400576124,82.75443627187992,13994024379.36597,78.71435876826943,66.34087445161325,36.36084995269776,65.44899959564209,94.53714923858642
2025-02-10,119.16000366210938,120.66999816894531,108.72000122070312,112.02999877929688,395122600,16.773412551022886,3.6220841203574086,13.151328430665478,84.48586128192562,6853655363.71627,85.45529958390942,70.9338422090477,38.955400466918945,69.56499977111817,100.17459907531739
2025-02-17,101.3499984741211,125.41000366210938,95.80000305175781,120.94000244140625,603871600,16.929861685725157,3.0228266040477436,13.907035081677414,68.59147190229756,-4885419098.013765,88.10441606561137,73.57872536253235,38.21690063476562,72.63199977874756,107.04709892272949
2025-02-24,84.91999816894531,99.01000213623047,78.58000183105469,95.87999725341797,637197900,15.548847602406923,1.313450016583607,14.235397585823316,57.79025615940392,-8607914160.3095,87.57367974950036,74.56492299787261,37.71265106201173,74.70249977111817,111.69234848022461
2025-03-03,84.91000366210938,90.4800033569336,79.1500015258789,88.55000305175781,570144900,14.288864384419611,0.042773438877034664,14.246090945542576,57.78429513610154,-2873103598.1701837,87.1297337349352,75.46449522954538,38.71465072631837,76.79949989318848,114.8843490600586
2025-03-10,86.23999786376953,87.2699966430664,74.56999969482422,82.0,577632600,13.244958387730989,-0.8009060462492705,14.04586443398026,58.39924606671673,-445535860.26347446,86.98144442307427,76.40149545860835,39.33090095520019,78.86849975585938,118.40609855651856
2025-03-17,90.95999908447266,91.06999969482422,81.80000305175781,88.44000244140625,504678900,12.65266793627626,-1.114557198163201,13.76722513443946,60.59313841428635,1439544729.2875822,87.64453686664066,77.66745229564003,41.02840118408204,81.32049980163575,121.61259841918945
2025-03-24,85.8499984741211,98.16999816894531,84.0999984741211,93.4000015258789,445523300,11.636797386461438,-1.7043421983824167,13.341139584843855,57.08330315796878,-1037901313.5213673,87.34544713455408,78.37897805029056,42.90810089111328,82.69349975585938,122.47889862060548
2025-03-31,74.01000213623047,88.40499877929688,71.93000030517578,80.0,524838100,9.763773203538761,-2.861893105044075,12.625666308582836,49.87458741920263,-4488687892.4974375,85.1228729681668,77.99906710124186,41.99035148620605,83.10550003051758,124.2206485748291
2025-04-07,88.55000305175781,93.33000183105469,66.12000274658203,66.6500015258789,711252500,9.344922156578292,-2.6245953216036355,11.969517478181928,57.04805568720011,5398178703.281595,85.69406131543198,78.91653979259108,40.156851577758786,84.31550025939941,128.47414894104003
2025-04-14,93.77999877929688,98.98999786376953,89.62000274658203,95.80000305175781,447284000,9.32747530139497,-2.1136337414295667,11.441109042824536,59.304079508051615,3358921840.42492,87.04171755940948,80.20901448708725,40.52435188293457,85.65050010681152,130.7766483306885
2025-04-21,112.77999877929688,112.87999725341797,89.30999755859375,92.83999633789062,495050500,10.723179613699827,-0.5743435432997668,11.297523156999594,66.24127375339911,7390280280.14164,91.33143109605737,83.04127399075765,40.43985214233399,87.47250022888184,134.5051483154297
2025-04-28,116.19999694824219,120.19000244140625,108.87000274658203,113.77999877929688,389727438,11.96729903295767,0.535820700766461,11.431478332191208,67.32110838792183,3352004842.945712,95.47619207142151,85.92464120445194,42.67435264587402,89.47900009155273,136.28364753723145
