Date_,Close,High,Low,Open,Volume,MACD_12_26_9,MACDh_12_26_9,MACDs_12_26_9,RSI_14,EFI_2,EMA_11,EMA_22,KCLs_20_3.0,KCBs_20_3.0,KCUs_20_3.0
2020-09-14,240.0,319.0,215.24000549316406,245.0,55482600,,,,,,,,,,
2020-09-21,229.0,254.8000030517578,208.5500030517578,230.0,22073400,,,,,-242807400.0,,,,,
2020-09-28,227.10000610351562,278.260009765625,227.0,235.92999267578125,21655000,,,,,-108365378.55224611,,,,,
2020-10-05,238.0,252.36000061035156,231.2010040283203,231.97000122070312,8689500,,,,,27021871.791585274,,,,,
2020-10-12,242.52000427246094,252.0,231.4600067138672,250.32000732421875,9168400,,,,,36634762.044948995,,,,,
2020-10-19,265.04998779296875,301.0,243.0,245.0,17441000,,,,,274175215.7357675,,,,,
2020-10-26,250.02000427246094,276.2200012207031,241.5,266.07000732421875,13171800,,,,,-40589552.71169403,,,,,
2020-11-02,265.0,274.8699951171875,247.0,254.10000610351562,6331400,,,,,49699712.39566253,,,,,
2020-11-09,234.8000030517578,265.95001220703125,229.97999572753906,263.989990234375,9904000,,,,,-182833942.38503957,,,,,
2020-11-16,266.0,273.1650085449219,230.25,234.0,8815500,,,,,122417734.60313947,,,,,
2020-11-23,328.7900085449219,334.6199951171875,259.1000061035156,267.1000061035156,9284100,,,,,429438390.4223193,253.29818309437144,,,,
2020-11-30,387.70001220703125,395.79998779296875,288.0,338.3800048828125,39491800,,,,,1694120851.8896337,275.6984879464814,,,,
2020-12-07,353.9599914550781,429.0,347.260009765625,393.5,39895700,,,,,-332680879.97925293,288.7420718645809,,,,
2020-12-14,334.25,357.9800109863281,303.5400085449219,352.489990234375,45617100,,,,,-710302060.7967138,296.3267265538174,,,,
2020-12-21,323.0400085449219,359.54998779296875,321.29998779296875,329.0,15501700,,,,61.02043438662765,-352616636.62502766,300.7789402190015,,,,
2020-12-28,281.3999938964844,327.7900085449219,280.7300109863281,324.8699951171875,17529000,,,,51.21064070907701,-604144090.0566499,297.54911583191534,,,,
2021-01-04,300.1000061035156,325.7200012207031,266.4100036621094,285.4100036621094,40541300,,,,54.73035466480377,304033839.9070607,297.9742642105154,,,,
2021-01-11,291.29998779296875,313.4800109863281,286.20599365234375,295.0,18440900,,,,52.79997668380511,-6842225.139622331,296.86188480759097,,,,
2021-01-18,285.67999267578125,295.0,279.0,293.75,9351100,,,,51.54950000750013,-37316165.94009546,294.998236118956,,,,
2021-01-25,272.45001220703125,296.80999755859375,264.0,292.45001220703125,14702300,,,,48.6297107932369,-142112816.5438339,291.2401988003019,,,280.8080009460449,
2021-02-01,306.04998779296875,318.8800048828125,273.3800048828125,275.1000061035156,18026700,,,,55.52025843837074,356426847.7487351,293.7084969657464,,144.62565231323242,284.11050033569336,423.5953483581543
2021-02-08,299.4700012207031,327.4100036621094,292.3399963378906,308.7099914550781,14030200,,,,53.992872146549146,57263264.17877759,294.66874767490583,282.80363672429866,149.8261512756348,287.63400039672854,425.4418495178223
2021-02-15,290.0,304.9880065917969,281.30499267578125,304.70001220703125,8260000,,,,51.78481870387249,-33060385.32907934,293.8906230624215,283.42940744392484,157.1077003479004,290.77900009155275,424.4502998352051
2021-02-22,259.5400085449219,287.7699890136719,242.97999572753906,287.4599914550781,15436100,,,,45.359355369130455,-324475777.84284735,288.16552064283826,281.352068409229,154.92069931030278,291.85600051879885,428.7913017272949
2021-03-01,239.72999572753906,280.1000061035156,217.82000732421875,269.29998779296875,47902400,,,,41.7326089709667,-740790031.2698814,280.09293315695504,277.73275774125597,148.52019805908202,291.71650009155275,434.9128021240235
2021-03-08,230.0,241.54800415039062,212.2899932861328,235.0,31959500,-6.470092110327073,,,40.03925077851451,-454240542.7261503,271.7441109641292,273.5820831550598,151.15099639892577,289.9640007019043,428.7770050048828
2021-03-15,220.82000732421875,242.5,215.25999450683594,230.97999572753906,25560800,-10.075792930715636,,,38.45389057620282,-307845485.43345636,263.2567603574775,268.99407656107365,150.81299591064453,288.5040008544922,426.1950057983398
2021-03-22,235.0,235.0,205.07000732421875,220.82000732421875,24263600,-11.654780847986672,,,42.25717160937743,126756618.38090515,258.54730029789795,266.038069903589,149.00399627685545,287.0040008544922,425.0040054321289
2021-03-29,236.7899932861328,237.58999633789062,216.25999450683594,230.5500030517578,14455700,-12.6162701409948,,,42.738213376425655,59502610.09120179,254.92108246260375,263.49475889337543,151.29949798583982,287.10350036621094,422.90750274658205
2021-04-05,226.88999938964844,242.8699951171875,223.72999572753906,237.8000030517578,16762300,-14.015541662689515,,,40.71781324739558,-90796908.43029276,250.24923528377786,260.31173632783396,152.9102493286133,285.1480003356934,417.38575134277346
2021-04-12,232.74000549316406,243.49000549316406,223.7899932861328,225.0,12795000,-14.485448588378517,,,42.44913952886271,19634915.91955736,247.33103031867557,257.91419451612353,156.48074569702146,280.34550018310546,404.21025466918945
2021-04-19,235.63999938964844,239.0,220.5,230.0,9614000,-14.457194403505014,,,43.33265271865947,25131999.52038631,245.38252516383773,255.9773079833866,162.27274322509766,272.7424995422363,383.212255859375
2021-04-26,231.58999633789062,241.22000122070312,226.0,235.72999572753906,9770500,-14.593380748220113,,,42.35472659294586,-18003036.704671033,243.0837703595132,253.85667218812608,166.13224182128903,266.62399978637694,367.11575775146486
2021-05-03,206.0399932861328,232.81500244140625,192.41000366210938,232.3000030517578,20964100,-16.5719499996531,-3.8007887293786062,-12.771161270274494,36.72403821919047,-363089558.2197943,236.9098075139498,249.6987001096919,161.8269920349121,260.21349945068357,358.60000686645503
2021-05-10,209.99000549316406,210.8800048828125,184.7100067138672,202.1999969482422,27869700,-17.618156274150465,-3.877596003100777,-13.740560271049688,38.09423477273246,-47639415.935732216,232.42317384381886,246.24577014303733,157.98649215698242,254.5609992980957,351.135506439209
2021-05-17,233.38999938964844,236.1699981689453,205.4499969482422,208.4499969482422,25816700,-16.370390665286124,-2.1038643153891474,-14.266526349896976,45.60835742556959,386860609.639668,232.58431143479046,245.127877034047,158.03699188232423,252.1604995727539,346.2840072631836
2021-05-24,238.02999877929688,246.47500610351562,220.0,235.0,35170800,-14.836096967254832,-0.45565649388628415,-14.380440473368548,46.98256629757034,237748530.23552084,233.49192599220822,244.51067022928615,159.858740234375,249.05699920654297,338.25525817871096
2021-05-31,242.55999755859375,248.1999969482422,233.36000061035156,239.5,14017400,-13.103575256007133,1.0214921738891327,-14.125067429896266,48.35445316535542,121582046.67111763,235.0032712532725,244.34104651879116,159.28684387207034,246.61999969482423,333.9531555175781
2021-06-07,240.60000610351562,255.99000549316406,233.75,244.64999389648438,25415300,-11.753210552659652,1.8974855017892924,-13.650696054448945,47.77838766972887,7318168.338207841,235.93606039497968,244.0157386565933,156.09684371948242,244.36600036621093,332.63515701293943
2021-06-14,249.39999389648438,250.0,231.52000427246094,242.6999969482422,24657500,-9.859299459114595,3.0331172762674807,-12.892416735382076,50.62268771812702,147096522.1161539,238.18004931189714,244.48393476440992,157.09384307861328,243.2134994506836,329.33315582275395
2021-06-21,247.08999633789062,253.32000732421875,241.64999389648438,247.22000122070312,26020200,-8.447382601790565,3.55602730687321,-12.003409908663775,49.85506372191428,8961108.389303908,239.66504048289605,244.71054881427781,159.3598403930664,240.2654998779297,321.171159362793
2021-06-28,237.24000549316406,251.0,235.71600341796875,248.42999267578125,12080000,-8.030667722819288,3.1781937486755893,-11.208861471494878,46.60952350239572,-76338223.47309661,239.2608679846074,244.06093635157228,159.21624221801758,237.15400009155275,315.09175796508794
2021-07-05,269.489990234375,272.0,234.77999877929688,235.0500030517578,19371300,-5.0400157702201795,4.935076561019759,-9.975092331239939,56.57682629360175,391036678.4539141,244.29905502623535,246.27215842833775,156.1601936340332,236.12849960327148,316.09680557250977
2021-07-12,250.82000732421875,275.0,245.5,267.5,19686600,-4.128819677453066,4.677018123029498,-8.805837800482564,50.67840385324873,-114686764.22141664,245.38588040923258,246.6676235497187,158.3521942138672,235.69249954223633,313.03280487060545
2021-07-19,264.9200134277344,271.6099853515625,242.00999450683594,245.94000244140625,11551800,-2.243080716999458,5.250205666786485,-7.493286383785943,54.53361181741765,70358045.59725565,248.64156924564955,248.25478788693746,164.51369628906252,236.9520004272461,309.3903045654297
2021-07-26,265.7200012207031,274.989990234375,255.0,262.69000244140625,11124100,-0.6762710440767989,5.453612271767315,-6.129883315844114,54.74972470007825,29385444.670927666,251.48797457482516,249.77350208987363,167.68989944458008,238.73800048828124,309.7861015319824
2021-08-02,277.4800109863281,285.8399963378906,261.5400085449219,266.0400085449219,20038100,1.4971136216426828,6.101597549989438,-4.604483928346755,57.916458019859014,166893982.68002275,255.819980643409,252.1827637330436,170.96390228271483,241.5710006713867,312.17809906005857
2021-08-09,291.5199890136719,291.7699890136719,270.7300109863281,277.760009765625,14475200,4.302844998713681,7.125863141648349,-2.823018142934668,61.390447235884835,191118987.52094507,261.76998203845284,255.60339201831562,175.12340393066407,244.39700012207032,313.6705963134766
2021-08-16,266.6700134277344,292.20001220703125,247.8800048828125,288.4100036621094,22606400,4.469698082170737,5.834172980084324,-1.364474897913587,53.044082753279724,-310805996.21697664,262.58665393666644,256.5657069234825,173.16890411376954,245.8910011291504,318.61309814453125
2021-08-23,297.7099914550781,307.4200134277344,267.29901123046875,268.1600036621094,32115800,7.025610305497253,6.712068162728672,0.31354214276858094,60.30388337923343,560980485.4813854,268.4405435230684,260.14347079579517,173.46840362548826,249.43200073242187,325.39559783935545
2021-08-30,310.0,310.0,282.20001220703125,293.739990234375,31806900,9.928441244103055,7.691919281067579,2.236521963035476,62.75899488857031,447598210.3521122,275.367119602557,264.4788211613782,176.11640701293945,253.29500045776368,330.47359390258794
2021-09-06,318.5400085449219,324.17999267578125,304.2699890136719,308.4800109863281,18656900,12.770848601362275,8.427461310661439,4.343387290700836,64.40634746596024,255419460.39853936,282.5626010929512,269.17979397733853,180.0499069213867,257.4400009155273,334.83009490966793
2021-09-13,322.79998779296875,328.05999755859375,299.6099853515625,318.260009765625,38196300,15.192096600753018,8.678967448041746,6.513129152711272,65.23252276536581,193616783.7009617,289.26883220962077,273.84241952652377,182.62590484619142,262.00050048828126,341.3750961303711
2021-09-20,316.4700012207031,322.8399963378906,304.1400146484375,312.42999267578125,13185500,16.411000274274386,7.918296897250491,8.492703377023895,62.89634935116117,8896235.934581645,293.8023603781345,277.54916576080024,191.4031578063965,267.5220008850098,343.64084396362307
2021-09-27,303.7200012207031,315.6600036621094,291.6199951171875,309.55999755859375,11959300,16.161867821628448,6.135331555683642,10.026536265944806,58.36250209557736,-98688638.02180612,295.4553005185626,279.82489058340053,196.2876564025879,272.20850067138673,348.12934494018555
2021-10-04,313.5199890136719,325.3800048828125,290.010009765625,300.010009765625,10447700,16.564263156212405,5.230181512214079,11.334081643998326,60.70703473761827,35362008.96913103,298.46608193441415,282.75489914255456,199.5966567993164,276.2150001525879,352.8333435058594
2021-10-11,333.57000732421875,338.3599853515625,308.54998779296875,312.989990234375,11990100,18.29019528464852,5.564890912520154,12.725304372128365,65.0438344856084,172055152.68656906,304.31673616604826,287.17360420182973,203.87340850830077,280.992000579834,358.1105926513672
2021-10-18,339.7799987792969,344.8599853515625,330.70001220703125,332.0,12327900,19.929369971040273,5.763252479129527,14.166117491910747,66.28502464501695,108389153.33489478,310.22727993492305,291.74807329552254,208.83641204833984,285.85300064086914,362.8695892333984
2021-10-25,353.8399963378906,356.0,336.0,341.1099853515625,8868600,22.108103562248914,6.353588856270534,15.75451470597838,68.97133708991183,119258047.34372795,317.4960660020843,297.14737095138065,214.83441238403321,291.5150001525879,368.1955879211426
2021-11-01,364.79998779296875,365.7900085449219,346.3599853515625,353.8399963378906,9859400,24.437445682122302,6.946344780915137,17.491100901207165,70.91664282882581,111791975.61604083,325.38005296723173,303.0302071984753,220.46190795898437,297.2849998474121,374.1080917358398
2021-11-08,386.5,386.989990234375,358.9200134277344,367.1000061035156,10602400,27.714994519824756,8.17911489489407,19.535879624930686,74.34601130722858,190645464.82123238,335.56671080602644,310.2884500507818,224.9724136352539,304.25550003051757,383.5385864257812
2021-11-15,392.1499938964844,405.0,383.6700134277344,385.5,15090400,30.417746033757624,8.705493127061548,21.712252906696076,75.1670627887806,120388933.53741601,344.99725798776944,317.4068451677994,231.81101455688477,312.0009994506836,392.19098434448244
2021-11-22,362.6000061035156,392.3999938964844,335.04998779296875,392.1000061035156,14782400,29.831381429750138,6.49530281844325,23.33607861130689,63.68664099928253,-251083515.1880488,347.9310493403938,321.33668524916607,233.4470146179199,316.6565002441406,399.8659858703613
2021-11-29,345.1099853515625,378.1050109863281,305.6099853515625,372.3599853515625,36555500,27.636804868850618,3.440581006034982,24.196223862815636,58.036619809500756,-509932140.7946979,347.4608720089219,323.403928736331,231.71225967407227,321.3709991455078,411.0297386169434
2021-12-06,371.239990234375,375.0,324.0010070800781,340.260009765625,17062900,27.68690276912406,2.792543125046741,24.89435964407732,63.27817157821677,127258393.27839494,351.4240583798308,327.56358625790006,233.81840820312502,326.68699798583987,419.5555877685547
2021-12-13,332.3299865722656,377.260009765625,312.0,363.7099914550781,23285200,24.306701085248392,-0.47012684706314545,24.776827932311537,52.71832754102128,-561598680.4225012,348.24171307856994,327.9780558504536,230.3584045410156,330.01749725341796,429.6765899658203
2021-12-20,349.2200012207031,362.5199890136719,323.05999755859375,326.489990234375,8227700,22.728747075987542,-1.6384646850591977,24.36721176104674,56.13990654933208,-94555577.79220095,348.4047611022588,329.8251815348232,231.671403503418,333.60449676513673,435.53759002685547
2021-12-27,338.75,358.5799865722656,331.17999267578125,351.0,7818800,20.398227489006445,-3.1751874176322374,23.573414906638682,53.5527829549551,-86093756.29368939,346.79563425188235,330.60125270570813,233.07890167236332,335.96599731445315,438.853092956543
2022-01-03,299.67999267578125,344.0,286.0,341.0,19360800,15.223167655804275,-6.680197800667525,21.9033654564718,45.18482418317799,-532982317.2997194,338.9430273225322,327.9124474857145,232.67740173339843,337.61649627685546,442.5555908203125
2022-01-10,289.5899963378906,316.0,273.8299865722656,290.0,18148300,10.19025021359704,-9.37049219429981,19.56074240789685,43.30296417823076,-299738292.7925334,330.7175221584253,324.580060429382,232.05839996337892,337.2104965209961,442.3625930786133
2022-01-17,267.55999755859375,298.1099853515625,264.70001220703125,289.32000732421875,13989600,4.373574249831506,-12.149734526452278,16.523308776283784,39.44065543725349,-305373344.8794122,320.19126805845343,319.62179409279173,229.09490203857422,335.08849639892577,441.0820907592773
2022-01-24,253.52000427246094,281.57000732421875,232.8300018310547,260.2099914550781,26649400,-1.3534912745177508,-14.301440040641229,12.947948766123478,37.165522812654125,-351229379.67944926,309.07939076078804,313.87381236928474,221.51940155029297,331.8374961853027,442.15559082031245
2022-01-31,275.7200012207031,286.8500061035156,251.0,261.0,17546200,-4.054144093740433,-13.601674287891129,9.547530194150696,42.78555711091753,142607264.40901494,303.51949250410723,310.5560896607124,218.055403137207,329.48349685668944,440.9115905761719
2022-02-07,293.69000244140625,329.489990234375,286.7699890136719,291.0,24513100,-4.6903347340013966,-11.390291942521674,6.699957208520278,46.92384136715874,341202712.7518168,301.8812441603237,309.0894733807728,211.65590209960936,328.3444969177246,445.03309173583983
2022-02-14,273.7699890136719,306.07000732421875,272.6300048828125,294.05999755859375,15514400,-6.724384486458177,-10.739473355982764,4.015088869524587,43.194206240419824,-92297133.29822248,297.1960349692151,306.01821387059016,208.8699020385742,326.84699630737305,444.8240905761719
2022-02-21,269.4200134277344,282.4800109863281,240.10000610351562,271.05999755859375,14455200,-8.588388647102136,-10.082782013301378,1.4943933661992426,42.40163686570989,-72685555.82597,292.566698045635,302.83576165816794,205.61340179443357,324.64199752807616,443.67059326171875
2022-02-28,209.64999389648438,274.5769958496094,208.0500030517578,267.989990234375,64865600,-14.71889615839467,-12.97063161967513,-1.7482645387195404,33.347347890669056,-2608907304.546157,278.7472473541099,294.73265141802153,193.90985183715821,318.4459968566895,442.98214187622074
2022-03-07,180.4199981689453,219.8350067138672,179.92999267578125,215.25999450683594,33173000,-21.686001176465822,-15.950189310197025,-5.735811866268797,29.976196240070664,-1516066867.028488,262.3593724899158,284.7924207007106,182.0800956726074,310.4779968261719,438.87589797973635
2022-03-14,222.85000610351562,225.42999267578125,164.2899932861328,178.86000061035156,48168000,-23.512695344829694,-14.221506782848717,-9.291188561980977,39.5320839029309,857156792.4520925,255.77447809218245,279.40612377921536,169.3595962524414,303.9284973144531,438.49739837646484
2022-03-21,219.80999755859375,231.77000427246094,206.05999755859375,217.75999450683594,26205500,-24.918422849611943,-12.501787430104773,-12.41663541950717,39.1201643732921,232608968.20139742,249.78039800325098,274.22385193394393,161.1680992126465,296.6789978027344,432.1898963928223
2022-03-28,234.80999755859375,246.52000427246094,219.00999450683594,220.0,29450000,-24.5392244804286,-9.698071248737143,-14.841153231691457,42.31415105547621,372036322.73379916,247.28533126247476,270.7965602491309,153.6675941467285,289.09449768066406,424.5214012145996
2022-04-04,208.33999633789062,243.3300018310547,203.0800018310547,235.3800048828125,26109800,-26.07404950815672,-8.986317021172209,-17.08773248698451,38.47780878165187,-336738851.0036099,240.79444210837738,265.36555469163176,141.63909225463863,279.90399780273435,418.1689033508301
2022-04-11,198.6300048828125,222.0,198.55999755859375,207.39999389648438,21136400,-27.753993796859817,-8.533009047900244,-19.220984748959573,37.14732723120391,-249069125.92861217,233.7670359041166,259.56246340390834,138.52709274291993,271.7054977416992,404.8839027404785
2022-04-18,173.8000030517578,202.49000549316406,172.75999450683594,198.2100067138672,22671800,-30.73464552186107,-9.210928618321198,-21.52371690353987,33.917597415025845,-458316932.3184078,223.77253042872348,252.10485815589527,136.3763458251953,263.139998626709,389.90365142822264
2022-04-25,171.44000244140625,195.83999633789062,171.125,176.0,31318000,-32.90792375370651,-9.10736548013331,-23.800558273573202,33.6184151100104,-202045976.84946278,215.05044243083728,245.0905228763745,130.32894592285155,253.14999923706054,375.9710525512695
2022-05-02,155.27000427246094,187.22999572753906,151.2100067138672,170.30999755859375,33805800,-35.52552992884367,-9.37997732421637,-26.145552604627298,31.56401245476875,-431775141.68297523,205.0870360711079,237.28004299777334,125.8619499206543,244.2970001220703,362.7320503234863
2022-05-09,158.36000061035156,159.72000122070312,126.01000213623047,152.0500030517578,44845400,-36.9250161994602,-8.623570875866324,-28.301445323593878,32.4139713777744,-51543632.713498265,197.2991968276485,230.41743061625843,117.18144874572754,234.75400009155274,352.32655143737793
2022-05-16,141.49000549316406,159.14999389648438,134.10000610351562,155.44000244140625,34827500,-38.94643649263102,-8.515992935229715,-30.430443557401308,30.208108050648388,-408874380.8670645,187.99766493856777,222.6846110403372,107.67094993591307,224.89100036621093,342.1110507965088
2022-05-23,129.91000366210938,142.77999877929688,112.0999984741211,138.3800048828125,80846500,-41.010097136280535,-8.463722863103385,-32.54637427317715,28.76122924663916,-760426538.9785967,178.31638805915804,214.61725387701304,103.28045043945315,216.40250091552736,329.52455139160156
2022-05-30,129.82000732421875,140.6999969482422,123.81999969482422,130.0,38615900,-42.16675293662081,-7.696302930754925,-34.470450005865885,28.749704194416186,-255792372.71576598,170.23365793666815,207.24358026372659,99.08545341491698,208.41400146484375,317.74254951477053
2022-06-06,122.41999816894531,139.6750030517578,119.43000030517578,132.60000610351562,32295500,-43.18274606965426,-6.969836851030692,-36.212909218623565,27.764519353684854,-244588788.02134418,162.2647146420477,199.86761660331084,93.80319900512694,201.15700149536133,308.5108039855957
2022-06-13,119.37999725341797,124.3499984741211,110.26499938964844,114.48999786376953,36699800,-43.729148214783464,-6.0129911969279135,-37.71615701785555,27.34988433837886,-155907879.74022835,155.11726174394275,192.86869318158102,92.29444961547851,194.45000114440919,296.60555267333984
2022-06-20,151.52999877929688,152.02000427246094,120.12999725341797,122.5999984741211,40077800,-41.09423070574297,-2.702458950309939,-38.391771755433034,37.91043157017079,807031594.1891702,154.51938458316843,189.27402410312155,86.5664493560791,188.24050102233886,289.91455268859863
2022-06-27,144.52999877929688,154.6199951171875,136.1300048828125,150.3800048828125,34185000,-39.11993088292502,-0.5825273019935864,-38.53740358093143,36.66087849855755,109480531.39639014,152.85448694918983,185.3832392923542,84.40044898986817,180.7825008392334,277.16455268859863
2022-07-04,159.67999267578125,164.77999877929688,140.0500030517578,142.0,27928800,-35.918757082616764,2.0949171986517356,-38.0136742812685,41.17967224762229,318574276.8228853,153.99207123695507,183.14817436917394,80.0024501800537,175.07800102233887,270.15355186462403
2022-07-11,147.9499969482422,159.8000030517578,141.27999877929688,158.0500030517578,28830900,-33.93711052123743,3.261251008024857,-37.198361529262286,38.8675653935002,-119266130.27310887,152.98505885550293,180.08746328909294,77.50794944763186,169.00450019836427,260.5010509490967
2022-07-18,142.99000549316406,161.3000030517578,141.427001953125,150.5,30471300,-32.39345956476427,3.8439215715984147,-36.237381136362686,37.89858330554716,-140513635.174451,151.31921662844644,176.86159739379477,81.17304878234862,165.67150077819824,250.16995277404786
2022-07-25,149.91000366210938,149.97000122070312,129.77999877929688,141.0,29633000,-30.26286754191625,4.779610875557154,-35.042478417473404,40.1407575620868,89868992.10208729,151.0843478007236,174.51798054756128,82.60480079650878,164.14600105285643,245.68720130920408
2022-08-01,165.52999877929688,168.41000366210938,143.0399932861328,146.64999389648438,30288800,-27.00268480763671,6.431834887869357,-33.43451969550607,44.97049026205655,345363602.77100825,153.49195629715248,173.73641691553829,85.10429878234862,161.2800006866455,237.4557025909424
2022-08-08,168.67999267578125,179.9499969482422,159.0,166.1699981689453,28279900,-23.88940611744019,7.636090862452704,-31.525496979892893,45.918159630470136,174508875.85246176,156.02329569359063,173.29672785121159,83.26180000305175,158.72350044250487,234.185200881958
2022-08-15,153.94000244140625,171.6699981689453,151.625,167.8000030517578,26619300,-22.35382338891796,7.337338872779949,-29.691162261697908,42.25146192553334,-203409189.4131117,155.67608015155992,171.61353433731549,80.33805198669435,154.6800006866455,229.02194938659667
2022-08-22,197.7100067138672,205.66000366210938,147.72999572753906,149.9499969482422,65706100,-17.40436280906556,9.829439562105879,-27.23380237117144,53.99846394510993,1849501122.0134597,162.68173457861113,173.88279280484176,77.15455131530763,154.14850120544435,231.14245109558107
2022-08-29,171.49000549316406,196.8000030517578,165.88999938964844,194.0,43199900,-15.419864015572728,9.451150684478971,-24.8710147000517,47.734372757956,-138633913.1516819,164.1497797310366,173.67472434295675,74.5405506134033,152.7915012359619,231.0424518585205
2022-09-05,188.19000244140625,189.19000244140625,167.7899932861328,170.0,21778100,-12.3571388337391,10.011100693050079,-22.36823952678918,51.586589468588436,196251497.97511482,168.1564835160982,174.9369224384741,76.50955085754393,153.51100120544433,230.51245155334473
2022-09-12,184.6699981689453,203.6199951171875,179.92999267578125,190.0,46581200,-10.097543788980403,9.816556590247021,-19.914100379227424,50.737727573949854,-43893516.01919999,170.90873595823942,175.78327684981943,77.32479972839357,154.1725009918213,231.02020225524902
2022-09-19,172.1300048828125,189.38999938964844,167.13999938964844,183.0,27107600,-9.212475411621881,8.561299974084434,-17.773775385706315,47.72483625632982,-241250586.67518252,171.1122807790016,175.46560102660143,80.23329811096193,155.01550102233887,229.7977039337158
2022-09-26,169.9600067138672,178.4600067138672,164.25,171.25,26172800,-8.587165563503333,7.349287857762386,-15.93645342126572,47.20248331110682,-118280147.60917543,170.9202351014792,174.98685369505935,83.73829727172853,155.59550132751465,227.45270538330078
2022-10-03,175.10000610351562,189.75,161.77000427246094,170.80999755859375,30647200,-7.589362562372912,6.677672687114246,-14.267035249487158,48.636526945375344,65591010.32656392,171.6168636018186,174.99669303492513,84.97929611206055,157.27600135803223,229.5727066040039
2022-10-10,152.3800048828125,176.72999572753906,145.6199951171875,176.13999938964844,43666600,-8.533541361858198,4.586795110103168,-13.120336471961366,43.068077035556946,-639539800.0937821,168.41072048198427,173.03002449995884,86.03829612731934,158.39950141906738,230.7607067108154
2022-10-17,177.10000610351562,179.9499969482422,156.69000244140625,158.5,27616500,-7.20406834257426,4.733014503509686,-11.937082846083946,49.802203072456116,241940009.1097712,169.85893475223952,173.3839359437464,86.79879684448241,160.76350135803222,234.72820587158202
2022-10-24,159.69000244140625,183.4600067138672,155.02999877929688,178.0,25398600,-7.469192983217226,3.5743118902933766,-11.043504873510603,45.70208417105371,-214146476.3050437,168.16411270043398,172.19315911745596,87.43454627990724,162.62700157165528,237.81945686340333
2022-10-31,132.30999755859375,167.41000366210938,129.36000061035156,159.25,30423300,-9.775952644079638,1.0140417835447728,-10.78999442762441,40.10947787659383,-626708893.8025275,162.1884268434606,168.72505811233754,84.48629570007324,163.27350158691405,242.06070747375486
2022-11-07,159.41000366210938,162.3699951171875,122.7699966430664,133.4600067138672,35849300,-9.310012260211835,1.1839857339300615,-10.493997994141896,47.019998373235325,438774534.6036659,161.7253563132354,167.9150533775351,83.83629722595217,163.6675018310547,243.49870643615722
2022-11-14,146.1999969482422,168.0,144.71200561523438,157.3300018310547,20212100,-9.892651956461947,0.4810768301439605,-10.373728786605907,44.334570462918386,-31743139.599681348,159.1377964190699,166.02678760107486,83.20009651184083,163.75100173950196,244.3019069671631
2022-11-21,144.72000122070312,148.1300048828125,136.50999450683594,143.25999450683594,13660700,-10.354461611772535,0.01541373986669825,-10.369875351639234,44.0311582173046,-24059564.95668903,156.73483055267545,164.1740235679991,84.4185947418213,163.00300216674805,241.5874095916748
2022-11-28,149.74000549316406,155.0,131.97000122070312,143.1999969482422,43356200,-10.19782254947745,0.13764224172942718,-10.335464791206878,45.39618721423588,137079017.8395509,155.56902637609022,162.9188915614917,83.83159599304199,163.09250259399414,242.3534091949463
2022-12-05,144.52999877929688,148.94000244140625,132.50999450683594,147.97999572753906,32024100,-10.374498206626242,-0.031226732335490226,-10.343271474290752,44.1915570313638,-65537511.39051916,153.72918844329135,161.31985740651825,84.30504417419434,163.16950225830078,242.03396034240723
2022-12-12,142.4499969482422,162.6999969482422,139.0,144.17999267578125,30531700,-10.560617477734326,-0.17387680275485806,-10.386740674979468,43.693066395427735,-64183165.066981316,151.8493231941165,159.6789999753638,83.40554466247559,162.79650192260743,242.18745918273927
2022-12-19,138.49000549316406,146.80999755859375,134.79200744628906,140.33999633789062,18199500,-10.901985256611766,-0.4121956653058376,-10.489789591305929,42.70538792492925,-69440964.68012333,149.62277024395775,157.8364787160421,84.05634803771974,161.4445022583008,238.83265647888183
2022-12-26,143.5399932861328,143.9499969482422,133.58999633789062,136.33999633789062,12041300,-10.642351467328922,-0.1220495008183935,-10.520301966510528,44.43051155528351,17391957.11427529,148.60897408432027,156.59330606996306,84.38784751892089,160.18750228881837,235.98715705871584
2023-01-02,124.05999755859375,149.1999969482422,119.2699966430664,146.47999572753906,25174100,-11.871614095388708,-1.0810497031025434,-10.790564392286164,39.49096180164256,-321130254.59166896,144.5174779966992,153.76432272114835,81.41109695434571,158.69350204467773,235.97590713500975
2023-01-09,140.8699951171875,142.16000366210938,126.66999816894531,127.2300033569336,25730900,-11.35845408027265,-0.4543117503891896,-10.904142329883461,45.15713282331221,181314159.25639027,143.90956418344726,152.64307684254305,84.54359664916993,155.85150146484375,227.15940628051757
2023-01-16,144.82000732421875,148.57000732421875,135.0800018310547,141.14999389648438,18575000,-10.511863874361325,0.3138227644177096,-10.825686638779034,46.42663607225479,109352370.91586708,144.06130470690917,151.96280992790616,85.95959701538087,154.51800155639648,223.0764060974121
2023-01-23,159.36000061035156,161.32000732421875,134.33999633789062,146.5,32045900,-8.5689021246896,1.805427611271547,-10.374329735961147,50.92945989263173,347082237.5373447,146.61108735748292,152.60604390029272,83.68109664916992,153.07650146484374,222.47190628051757
2023-01-30,163.2899932861328,178.6999969482422,151.2100067138672,156.77999877929688,30402900,-6.635483650101662,2.991076868687589,-9.626560518789251,52.10130954687845,195349528.72745475,149.3909050122579,153.5350829773223,82.04209823608397,152.00750122070312,221.97290420532227
2023-02-06,157.3300018310547,166.72000122070312,154.4149932861328,159.74000549316406,23587900,-5.520519962438101,3.2848324450809194,-8.80535240751902,50.145521490522725,-28605945.386339948,150.71408781539068,153.8650759211251,82.79384689331053,151.26750106811522,219.74115524291992
2023-02-13,154.0800018310547,175.9499969482422,151.5500030517578,158.5,25783800,-4.843320264554279,3.1696257143717936,-8.012945978926073,49.06394309025484,-65400215.128779985,151.27507348466804,153.88376513068422,80.47134857177733,150.4735008239746,220.47565307617188
2023-02-20,148.44000244140625,155.3800048828125,145.27999877929688,150.60000610351562,15410400,-4.707470648981314,2.6443802639558083,-7.351850912937122,47.16283783673793,-79743169.43908551,150.8025616441244,153.41039446205136,81.82034683227539,149.14050064086913,216.46065444946288
2023-02-27,142.11000061035156,156.64999389648438,131.1199951171875,150.1999969482422,52818000,-5.052346786847522,1.83960330087168,-6.891950087719202,45.05287091469048,-249473080.95479283,149.35380147182894,152.4277515184253,82.14384689331055,148.6270004272461,215.11015396118162
2023-03-06,131.4600067138672,146.74000549316406,128.55999755859375,142.64999389648438,27583300,-6.1145444502873545,0.6219245099454787,-6.736468960232833,41.674723110158084,-278999011.4148626,146.371502345502,150.60446936150723,81.27034454345701,146.34500045776366,211.4196563720703
2023-03-13,135.6199951171875,142.44000244140625,128.75999450683594,129.97999572753906,28226100,-6.545218251859524,0.1530005666986476,-6.698218818558171,43.45814333050014,-14719504.690981224,144.57958447411625,149.3014716011316,82.27934417724609,145.14150009155273,208.00365600585937
2023-03-20,136.52999877929688,142.8000030517578,131.6199951171875,133.80999755859375,22477400,-6.735458479454508,-0.029791728717068366,-6.705666750737439,43.86251944801326,8729842.646137767,143.237986858313,148.190908747059,86.52084350585938,145.35250015258788,204.18415679931638
2023-03-27,154.2899932861328,154.44000244140625,134.1699981689453,136.49000549316406,24467700,-5.390998030677849,1.0517349760476726,-6.442733006725522,51.19813000661069,292607425.94531906,145.07998792961632,148.7212639243698,89.16434211730956,145.09649963378905,201.02865715026854
2023-04-03,145.67999267578125,158.0,140.8800048828125,152.77999877929688,22252800,-4.963047607753509,1.183748319177611,-6.14679592693112,47.92833356435426,-30195272.40624781,145.17998872064382,148.4568055549273,90.06354179382325,145.07049942016602,200.07745704650878
2023-04-10,142.1300048828125,147.99000549316406,136.58999633789062,143.33999633789062,31729300,-4.854389777177772,1.0339249198026792,-5.888314696980451,46.60666368015055,-85157509.25504483,144.67165808100526,147.90664897474343,89.96704216003417,144.94099960327148,199.9149570465088
2023-04-17,145.19000244140625,147.57000732421875,141.74000549316406,142.1300048828125,17545800,-4.469835947668798,1.1347829994493228,-5.604618947118121,47.93932371595411,7407567.02403453,144.75804880773876,147.67041884140977,92.31954154968261,144.7134994506836,197.1074573516846
2023-04-24,148.0800018310547,149.8800048828125,135.25999450683594,144.85000610351562,31046500,-3.887067771555394,1.3740409404501825,-5.261108712005576,49.228214465002935,62285433.04182499,145.3117076449581,147.7060347535528,92.88854179382326,144.8909996032715,196.89345741271973
2023-05-01,154.1699981689453,159.0500030517578,142.44200134277344,148.14999389648438,20732200,-2.9003742758905844,1.8885875488919934,-4.788961824782578,51.929019563971444,104934492.398219,146.78808939895595,148.26811852880434,94.53834114074706,145.47699966430665,196.41565818786623
2023-05-08,167.39999389648438,173.27000427246094,156.2899932861328,160.11000061035156,23656900,-1.0388868434619098,3.0000599850565344,-4.038946828518444,57.24937483740243,243631954.75061888,150.2234068152107,149.93175986512435,94.92153816223146,146.92249908447266,198.92346000671387
2023-05-15,176.82000732421875,185.0,166.89999389648438,167.66000366210938,25042600,1.1828367100090418,4.1774268308219895,-2.9945901208129473,60.59363837428156,238478403.7604602,154.65617356671203,152.2698683398282,95.42453804016114,148.58649978637695,201.74846153259276
2023-05-22,150.00999450683594,182.5,143.11000061035156,176.50999450683594,54477100,0.7713332099456522,3.0127386646068794,-2.241405454661227,48.8750473459412,-894195031.58241,153.88181039006602,152.07335757174195,95.30303802490235,149.88399963378907,204.4649612426758
2023-05-29,175.2100067138672,182.9499969482422,150.5,151.17999267578125,39605400,2.4503974448165025,3.7534423195821836,-1.3030448747656813,57.245011113701715,367306031.78210026,157.4365097773662,154.08524010583983,94.79403915405274,151.60100021362305,208.40796127319337
2023-06-05,170.64999389648438,185.0399932861328,166.39999389648438,175.80999755859375,31002500,3.3742171483022503,3.7418096184543455,-0.36759247015209506,55.47515018688918,28187479.013426334,159.6387571305526,155.52565347893938,95.31303939819335,152.89249954223632,210.4719596862793
2023-06-12,184.17999267578125,193.94000244140625,167.83799743652344,170.27000427246094,32302100,5.138871039144647,4.405170807437393,0.7337002317072533,59.478330941699745,300760742.0502925,163.72896305475737,158.01733514823,96.68573989868165,154.1334991455078,211.58125839233398
2023-06-19,178.25,185.67100524902344,170.82000732421875,183.3000030517578,22196900,5.989824147131003,4.2048991323389995,1.7849250147920033,57.057007481344776,12501944.40006496,166.1491358789645,159.77669730925348,99.32958908081054,154.88149948120116,210.43340988159179
2023-06-26,175.97999572753906,191.94000244140625,169.50999450683594,180.58999633789062,46661700,6.407182233965244,3.6978057753385922,2.709376458626652,56.11526479836603,-66447524.106838696,167.78761252039362,161.18567978040878,98.74333877563475,155.8139991760254,212.88465957641603
2023-07-03,170.61000061035156,178.10000610351562,167.48500061035156,176.0,16783000,6.2327801874191096,2.8187229830339655,3.414057204385144,53.85089131755176,-82232260.0701181,168.2580105353866,162.00518593953424,101.63758697509766,156.64049911499023,211.6434112548828
2023-07-10,180.7899932861328,187.7899932861328,162.60000610351562,166.52999877929688,29895600,6.837190761128511,2.738506845394694,4.098683915733817,57.36332871682384,175480572.6686846,170.34667432717765,163.63864744793412,100.99158935546873,158.25799865722655,215.52440795898437
2023-07-17,175.89999389648438,193.22999572753906,175.5500030517578,182.5,22080000,6.842729683679579,2.1952366143566096,4.6474930693229695,55.19035494140719,-13487266.792730123,171.27222758872878,164.7048514869385,103.85858993530275,159.9474983215332,216.03640670776366
2023-07-24,174.8300018310547,181.8000030517578,167.02000427246094,176.11000061035156,23737900,6.6837339775109115,1.6289927265503534,5.054741250960558,54.70206219293895,-21428665.364218958,171.8651899624498,165.58529934294862,106.53709106445314,162.1159980773926,217.69490509033204
2023-07-31,166.6699981689453,181.36399841308594,159.52999877929688,176.97999572753906,26232600,5.832056320401222,0.6218520555525302,5.2102042648486915,50.996517250683496,-149848296.49917325,170.9993246635324,165.67962097999182,106.86649246215819,163.66849822998046,220.47050399780272
2023-08-07,153.3699951171875,168.61000061035156,151.3699951171875,168.00999450683594,26848400,4.0373564160252045,-0.9382782790587898,4.975634695083994,45.57722763823394,-288005300.12293404,168.06110307247494,164.60921873105232,106.79949264526368,164.510498046875,222.22150344848632
2023-08-14,147.6300048828125,153.39999389648438,142.39999389648438,151.5399932861328,19539900,2.127351783745979,-2.2786263290704127,4.405978112816392,43.43208291527777,-170774323.49475408,164.65592004086454,163.13276535294452,107.85699386596681,164.177498626709,220.49800338745118
2023-08-21,152.5500030517578,161.92999267578125,145.39999389648438,149.05999755859375,41356300,0.9991445692693048,-2.72546683483767,3.724611404106975,45.7873896974298,78723839.01798399,162.63826720934676,162.21252515284132,108.28899383544922,164.5209991455078,220.75300445556638
2023-08-28,157.0800018310547,160.02000427246094,147.9600067138672,152.82000732421875,21736600,0.4652026990760305,-2.6075269640247556,3.072729663100786,47.93683162628228,91885793.98337096,161.7118896462981,161.7662187770338,108.93749542236327,165.26849899291992,221.59950256347656
2023-09-04,165.9499969482422,167.75,153.3300018310547,156.3000030517578,15986000,0.7491486768019229,-1.8588647890390906,2.6080134658410135,51.95376593397844,125159092.62336324,162.4182408632888,162.13002557453018,108.68699569702147,166.3064987182617,223.92600173950194
2023-09-11,162.41000366210938,172.35000610351562,160.25999450683594,166.27000427246094,22970300,0.6806835404933906,-1.5418639402780983,2.222547480771489,50.28622348778246,-12490107.645849936,162.41686799642557,162.15437149518925,109.78299560546876,167.02299880981445,224.26300201416015
2023-09-18,149.6999969482422,162.8699951171875,148.5399932861328,160.3699951171875,19039100,-0.39461798268354187,-2.093732370764025,1.6991143880804829,44.734469872363555,-165488095.0992758,160.297389488395,161.0713824041504,109.90119552612305,166.79949874877929,223.69780197143552
2023-09-25,152.77000427246094,155.16799926757812,141.7899932861328,148.82000732421875,19417100,-0.9876927458311116,-2.1494457071292756,1.161752961298164,46.27729723133182,-15422272.223033346,159.04282528573933,160.34952343617744,110.02799606323242,166.06799926757813,222.10800247192384
2023-10-02,159.9499969482422,160.35000610351562,147.8699951171875,152.27000427246094,20078800,-0.868333754265251,-1.624069372450732,0.7557356181854812,49.8065237888677,90969667.21797325,159.19402056282314,160.31478200244393,110.02749481201172,165.2244987487793,220.42150268554687
2023-10-09,157.16000366210938,166.42999267578125,156.96800231933594,158.5,14061900,-0.9874869004591176,-1.394578014915679,0.40709111445656154,48.47394202916574,4168151.345810421,158.85501774603753,160.0404534511105,114.87419662475585,165.58199920654297,216.2898017883301
2023-10-16,147.6699981689453,163.1300048828125,147.3489990234375,157.89999389648438,15715100,-1.8266245682940792,-1.7869725462005126,-0.03965202209356661,44.147220110347554,-98034873.10181156,156.99084781652215,158.96476168744397,116.07104568481446,164.2049987792969,212.3389518737793
2023-10-23,143.3800048828125,152.62399291992188,138.39999389648438,145.86000061035156,18060000,-2.8054740622916654,-2.212657632158479,-0.5928164301331864,42.30875366133933,-84329810.19897625,154.72237399423722,157.60956544356299,115.3699462890625,162.84149932861328,210.31305236816405
2023-10-30,149.99000549316406,150.27999877929688,140.13999938964844,144.0,20563700,-3.013114226138754,-1.9362382368044537,-1.0768759893343,46.03758945629884,62507442.96773219,153.93364591072503,156.94699501309353,116.0547477722168,161.13199996948242,206.20925216674806
2023-11-06,160.39999389648438,162.5,141.92999267578125,150.0,29595500,-2.3110313567952403,-0.9873242939687521,-1.3237070628264882,51.36864422554078,226228355.51622158,155.01137057501825,157.24725578556232,114.3043960571289,160.23949966430663,206.1746032714844
2023-11-13,161.85000610351562,169.19000244140625,157.27999877929688,160.0399932861328,17829800,-1.6189594015430373,-0.2362018709732392,-1.382757530569798,52.07880315921663,92645070.27135773,156.15114316310115,157.64749494364523,115.17589721679687,159.53300018310546,203.89010314941405
2023-11-20,171.16000366210938,171.47999572753906,162.0,162.0,11338100,-0.3156102364685296,0.8537178352810149,-1.1693280717495445,56.473744442100156,101253478.96984711,158.65261991293585,158.82249570177254,115.35114974975585,159.56050033569335,203.76985092163085
2023-11-27,185.97000122070312,192.66000366210938,167.91000366210938,171.0,51241400,1.8905532763006363,2.4479050784401446,-0.5573518021395083,62.38378684763318,539674498.9225662,163.20551679756375,161.1831483555926,115.67614822387696,159.8195007324219,203.9628532409668
2023-12-04,190.6699981689453,191.63999938964844,183.02999877929688,184.80999755859375,28063000,3.9724127277454215,3.623811623907944,0.3486011038374777,64.0519623885346,267822175.87986907,167.7829303594607,163.7472222524059,117.77514724731446,160.55800094604493,203.3408546447754
2023-12-11,199.00999450683594,202.8300018310547,187.77000427246094,188.50999450683594,30680900,6.223528385002595,4.699941824932093,1.5235865600705014,66.86041267023468,259859787.72208202,172.98744105068988,166.81355027453026,118.942147064209,161.767000579834,204.59185409545898
2023-12-18,195.6699981689453,200.8699951171875,193.74200439453125,198.10000610351562,16308300,7.649861133563206,4.901019658794164,2.7488414747690424,64.68103096851218,50306821.05587956,176.7678672370658,169.32280661317506,122.5980484008789,163.21700057983398,203.83595275878906
2023-12-25,199.0,201.8800048828125,193.8000030517578,195.89999389648438,16017200,8.945821568290967,4.9575840748175395,3.9882374934734273,65.87533741995429,52327143.90420595,180.47322269755483,171.9034321250729,126.25354919433593,165.4985008239746,204.7434524536133
2024-01-01,189.1199951171875,196.22999572753906,180.9530029296875,195.0,19002400,9.07107996304373,4.066273975656241,5.004805987387488,59.45185499099955,-107720155.22203551,181.91435143416027,173.40052455916984,127.27099914550782,167.57300033569337,207.87500152587893
2024-01-08,191.25999450683594,201.60000610351562,189.2220001220703,190.77000427246094,21886900,9.236554953399832,3.3853991728098745,5.8511557805899574,60.35361801277494,-4681416.646480918,183.47195861293955,174.95352194592343,129.81399688720705,169.50849990844728,209.2030029296875
2024-01-15,193.1199951171875,193.13999938964844,182.52999877929688,190.0,18100600,9.409316832670982,2.846528841664819,6.562787991006163,61.16208348324112,20884279.149659354,185.07996469698088,176.5332152651638,131.83349609375,171.3104995727539,210.78750305175782
2024-01-22,202.50999450683594,211.64999389648438,196.50999450683594,196.75,31966300,10.186502679904692,2.8989717511188235,7.287530928785868,65.03813601605925,207070451.376099,187.98496966529007,178.79206563400487,133.04499588012695,173.13849945068358,213.23200302124022
2024-01-29,218.75999450683594,219.74000549316406,194.8699951171875,201.91000366210938,31163500,11.975619766143012,3.750471069885716,8.225148696257296,70.52112231202581,406628067.12536633,193.1141404722144,182.26753770990325,133.94549560546875,175.95599899291992,217.96650238037108
2024-02-05,233.27999877929688,235.0,208.5050048828125,217.11000061035156,29009900,14.399166316797931,4.939214096432508,9.459952220365423,74.38648171622525,416358603.67089844,199.80845019006148,186.70340388985053,136.29974670410158,180.13499908447267,223.97025146484376
2024-02-12,230.30999755859375,237.72000122070312,220.5,231.0,21190300,15.896940111621944,5.149590313005216,10.747349798616728,72.29823784608108,96829389.97892256,204.8920414181502,190.49528160017604,139.6004470825195,184.0119987487793,228.42355041503907
2024-02-19,229.33999633789062,234.8300018310547,211.67999267578125,226.02999877929688,20000900,16.811868883560464,4.851615267954989,11.960253615605476,71.59135391537077,19342531.716200102,208.9667005714403,193.87308288171644,141.46944732666014,187.48149871826172,233.4935501098633
2024-02-26,186.72000122070312,235.66000366210938,180.67999267578125,229.3300018310547,88568300,13.937219520220282,1.5815727236918438,12.355646796528438,48.94656010026699,-2510072831.7863317,205.25891734631745,193.25107578075878,136.1197441101074,188.9594985961914,241.79925308227538
2024-03-04,162.39999389648438,186.5500030517578,161.6300048828125,185.88999938964844,62184600,9.586115081252899,-2.2156253722204315,11.80174045347333,40.98086152907743,-1844910895.5645194,198.11576343801195,190.56837300821317,135.45989532470702,189.69599838256835,243.93210144042968
2024-03-11,156.97000122070312,166.83999633789062,156.6199951171875,161.4199981689453,33544400,5.634724836344304,-4.933612493703221,10.568337330047525,39.43762439495583,-736400862.7304909,191.25813640179382,187.64677546147317,136.73999481201173,190.3754981994629,244.01100158691406
2024-03-18,159.02999877929688,168.67999267578125,151.49000549316406,157.52000427246094,36838100,2.639023169522005,-6.343451328420416,8.982474497942421,40.35527169390968,-194876023.53467542,185.88678013137766,185.15836009780568,136.13449630737304,190.82749786376954,245.52049942016603
2024-03-25,161.60000610351562,165.88999938964844,157.25,157.7899932861328,21982800,0.4669039502169028,-6.812456438180416,7.279360388397318,41.54526608647143,-27294703.173667856,181.83898446006734,183.10980757656307,137.98399810791014,190.8874984741211,243.79099884033204
2024-04-01,153.86000061035156,163.75,150.6199951171875,161.86000061035156,27054400,-1.8576560353054958,-7.309613138962252,5.451957103656756,39.02030275069804,-148699037.4673945,177.1758204851147,180.56634610124033,137.40149765014647,190.48799819946288,243.5744987487793
2024-04-08,158.55999755859375,160.52000427246094,151.5500030517578,153.86000061035156,20076800,-3.28279409036719,-6.987800955219157,3.705006864851967,41.35125431955665,13340919.997847661,174.07318333069455,178.6527505757928,136.87049560546876,189.8579978942871,242.84550018310546
2024-04-15,145.4499969482422,157.02999877929688,144.5500030517578,156.3800048828125,23156500,-5.40775650025418,-7.290210692084918,1.8824541918307378,37.092136492785976,-197940846.08978808,169.3026522669525,175.7655546081797,136.45549621582032,187.83199768066407,239.20849914550783
2024-04-22,158.1300048828125,160.2899932861328,144.32000732421875,145.4499969482422,23034000,-5.999475630026097,-6.3055438574854685,0.3060682274593709,43.18720535754698,128733919.81333235,167.44054436959584,174.23202854510433,133.7244987487793,186.20499801635742,238.68549728393555
2024-04-29,159.32000732421875,161.375,154.17999267578125,158.6999969482422,18030900,-6.2997741764870625,-5.284673923157147,-1.0151002533299158,43.738140874066524,57215849.95161209,166.08712152869967,172.93533104763603,132.91974792480468,184.22049865722656,235.52124938964843
2024-05-06,157.14999389648438,163.8800048828125,155.4149932861328,160.11000061035156,15404600,-6.636365001408365,-4.497011798462759,-2.139353202945606,42.920765906913154,-3213509.248713933,164.59760025666378,171.5626930344924,130.79319458007814,182.29449844360352,233.7958023071289
2024-05-13,161.86000061035156,165.8800048828125,157.50999450683594,158.0500030517578,16805800,-6.448720639184586,-3.447493948991184,-3.001226690193402,45.30975765724464,51699117.47170147,164.1413336489451,170.7189806497845,128.83869323730468,180.4374984741211,232.03630371093752
2024-05-20,156.16000366210938,168.8000030517578,152.35000610351562,163.0800018310547,43040500,-6.682916742838415,-2.9453520421160104,-3.737564700722405,42.96606901651377,-146320773.27664474,162.8111119844725,169.45298265085623,127.43024368286132,178.78949890136718,230.14875411987305
2024-05-27,136.17999267578125,156.47000122070312,133.58999633789062,156.07000732421875,34661600,-8.384092153524023,-3.717221962241294,-4.666870191282729,35.94703924491221,-510466356.96135557,158.37259209969062,166.55967917476275,123.11624450683593,176.03549880981444,228.95475311279296
2024-06-03,131.2100067138672,139.05999755859375,128.41000366210938,136.85000610351562,43713300,-10.017842798133785,-4.280778085480845,-5.7370647126529395,34.439886406316084,-314991777.21974385,153.8454945353867,163.48579461294577,120.01474609375,172.93999938964845,225.8652526855469
2024-06-10,127.16999816894531,133.3800048828125,124.69000244140625,129.52999877929688,45971600,-11.5059632976579,-4.615118868003968,-6.8908444296539315,33.22057910635566,-228814363.6224016,149.39957847431316,160.32789926998922,117.72374572753904,169.1729995727539,220.62225341796875
2024-06-17,127.80000305175781,131.7899932861328,124.69999694824219,126.45999908447266,31664000,-12.490490783298213,-4.479717082915425,-8.010773700382789,33.615278009531906,-62972471.46788388,145.79964923722062,157.49938655536042,115.84274826049804,164.625,213.40725173950196
2024-06-24,135.08999633789062,135.72999572753906,122.5999984741211,126.69000244140625,44066500,-12.537964525196145,-3.621752659850685,-8.91621186534546,38.169302022954575,193172168.93961975,144.01470708733228,155.55074392775435,112.93799781799316,159.7154998779297,206.4930019378662
2024-07-01,143.02000427246094,146.4600067138672,135.72999572753906,138.32000732421875,25993200,-11.799683040162478,-2.306776939853613,-9.492906100308865,42.76861151629165,201808244.47645527,143.84892328485373,154.46111439251146,109.45099678039551,155.35100021362305,201.2510036468506
2024-07-08,135.75,143.43600463867188,132.1999969482422,143.30999755859375,30958100,-11.666731413621108,-1.7390602506497927,-9.927671162971315,39.84256326029778,-82774264.6860302,142.4991027373781,152.83406096707571,106.55859718322753,150.6715003967285,194.78440361022948
2024-07-15,129.85000610351562,138.39999389648438,128.8699951171875,135.9199981689453,22675600,-11.900267613473574,-1.578077160401806,-10.322190453071768,37.594628464047574,-116782022.62809078,140.3909199650677,150.83544750067918,110.53259925842285,147.82800064086913,185.1234020233154
2024-07-22,129.0,134.1699981689453,125.5,130.69000244140625,21784000,-12.015428739980592,-1.354590629527058,-10.660838110453534,37.268392180347156,-51271696.182019845,138.49243330422308,148.93671293540274,111.32559928894042,146.15800094604492,180.99040260314942
2024-07-29,119.7699966430664,132.5500030517578,116.88999938964844,130.0,31874000,-12.705023295033726,-1.6353481476641534,-11.069675147369573,33.834901458498486,-213221983.3932742,135.3720271940303,146.40047673606915,108.64959869384766,144.2980007171631,179.9464027404785
2024-08-05,124.41000366210938,124.62999725341797,107.93000030517578,107.93000030517578,26076000,-12.730374329011738,-1.3285593453137317,-11.401814983698007,36.978212789585974,9587887.554618225,133.54502327204347,144.4882616861596,106.99209747314453,142.5670009613037,178.14190444946288
2024-08-12,128.0399932861328,128.65499877929688,121.94999694824219,125.29000091552734,24179000,-12.315588937431244,-0.7310191629865894,-11.584569774444654,39.40357639780334,61708975.2643812,132.6275182743917,143.05797747746163,105.60434646606446,140.88900032043458,176.1736541748047
2024-08-19,115.86000061035156,135.72000122070312,113.23999786376953,128.55999755859375,80708300,-12.821889383264619,-0.9898556870559716,-11.832033696208647,34.592965192216894,-634781343.4950435,129.83293199705167,140.6929360107564,102.30184669494629,138.98900032043457,175.67615394592286
2024-08-26,114.2300033569336,120.02999877929688,110.26000213623047,115.05000305175781,39010400,-13.202473395135911,-1.096351759141811,-12.1061216359941,33.99482639447613,-253985011.0681721,127.23244389036533,138.3918114321631,99.96534767150878,136.77250061035156,173.57965354919435
2024-09-02,108.55999755859375,114.7300033569336,107.12999725341797,113.05999755859375,19548400,-13.802504369601962,-1.3571061868862895,-12.445398182715673,31.926823202838083,-158554697.92156845,124.12036950173675,135.79774066054838,99.0823459625244,134.92800064086913,170.77365531921384
2024-09-09,113.66999816894531,115.04000091552734,108.12999725341797,109.31999969482422,18997300,-13.707685234017674,-1.0098296410416001,-12.697855592976074,35.72192452003592,11865910.422831662,122.37864094627152,133.87358913953943,98.21834297180176,132.7050003051758,167.19165763854983
2024-09-16,110.2699966430664,115.01000213623047,109.33999633789062,112.36000061035156,45199000,-13.748408993285054,-0.8404427202471823,-12.907966273037871,34.349736542407996,-98495809.17118989,120.36053356240399,131.82110283549832,95.99459266662596,130.25249977111815,164.51040687561033
2024-09-23,113.91999816894531,116.62000274658203,109.88999938964844,111.41000366210938,51774000,-13.332469834028004,-0.33960284879210434,-12.9928669852359,37.14127088486415,93151516.2768397,119.28711099682755,130.26448503840675,94.09334411621094,128.09099998474122,162.0886558532715
2024-09-30,114.72000122070312,116.08000183105469,108.70999908447266,113.25,30818100,-12.790836689922557,0.1616242362506739,-12.95246092617323,37.765894265079766,47486888.1251982,118.52592603414014,128.91279079338904,91.94034538269042,125.73400001525879,159.52765464782715
2024-10-07,124.02999877929688,126.98999786376953,113.05999755859375,114.41999816894531,31823300,-11.478037849383185,1.1795384614320383,-12.657576310815223,44.65797410894924,213345526.24599707,119.44327149166627,128.488200183468,90.71184463500977,124.12749977111817,157.54315490722655
2024-10-14,119.54000091552734,126.5,117.30000305175781,125.41999816894531,18319300,-10.67686436687518,1.5845695551520365,-12.261433922027216,42.22904755033289,16279430.171496913,119.45939306230977,127.71009589929925,91.93184623718263,123.29550018310547,154.6591541290283
2024-10-21,116.04000091552734,121.05000305175781,113.27999877929688,119.29000091552734,16689300,-10.206692956170912,1.6437927726850443,-11.850485728855956,40.385122095830376,-33515223.276167694,118.88949437117937,126.69530503114517,91.60534439086915,122.53699989318848,153.46865539550782
2024-10-28,115.48999786376953,121.19000244140625,113.25,117.83999633789062,23947400,-9.765884339877061,1.6676811111831178,-11.43356545106018,40.08888611898292,-19952503.14649926,118.32291161994439,125.72093049485164,91.13384437561035,121.95299987792968,152.77215538024902
2024-11-04,120.88999938964844,124.95999908447266,113.2300033569336,115.51000213623047,22503800,-8.878459982142246,2.0440843751343465,-10.922544357276593,44.401061055118014,74362868.50988273,118.75075958156174,125.30084952918182,90.09234428405762,121.60749969482421,153.1226551055908
2024-11-11,125.95999908447266,134.58999633789062,121.69000244140625,122.22000122070312,31633900,-7.677561036954998,2.595986656257276,-10.273547693212274,48.17283101568703,131710198.40069413,119.95229949871356,125.3581668818158,89.55034446716309,121.15099983215332,152.75165519714355
2024-11-18,167.44000244140625,178.6999969482422,125.0,126.4749984741211,100395200,-3.34024608519303,5.5466412864153956,-8.886887371608426,67.56169544023882,2820165554.8135777,127.866916655829,129.01745693047584,84.42184638977051,122.37199974060059,160.32215309143066
2024-11-25,174.8000030517578,178.3699951171875,167.3800048828125,174.9600067138672,34355800,0.6831231830837794,7.656008443753764,-6.972885260669985,69.72586080175286,1108627657.5839367,135.68909772181715,132.99854789754386,86.4112491607666,124.32449989318847,162.23775062561035
2024-12-02,183.63999938964844,186.89999389648438,170.58999633789062,175.02999877929688,36375800,4.532735586231155,9.204496677520911,-4.671761091289757,72.13085920509441,583917178.3865402,143.6809146664557,137.4021523751182,88.0837490081787,127.01399955749511,165.94425010681152
2024-12-09,167.6699981689453,185.39999389648438,165.72999572753906,183.1999969482422,30342200,6.2231983621312,8.715967562736765,-2.492769200605566,62.475079401142935,-128404254.56369883,147.67909525020397,140.03413896588577,88.36724891662597,128.94749946594237,169.5277500152588
2024-12-16,166.2899932861328,173.39999389648438,160.64999389648438,167.66000366210938,27977700,7.3666295108640725,7.88751896917571,-0.5208894583116381,61.70637977005464,-68540993.2611418,150.78091158952546,142.3172567328638,91.12974929809572,131.27349929809571,171.41724929809573
2024-12-23,158.64999389648438,166.41000366210938,157.2570037841797,165.30999755859375,14195000,7.569071291342482,6.471968599723295,1.097102691619186,57.48909694913918,-95146858.64442031,152.09242530735196,143.7374947470917,93.97379837036134,132.98549880981446,171.99719924926757
2024-12-30,162.22000122070312,162.6750030517578,153.1199951171875,155.36000061035156,13640800,7.926209210272191,5.463285214922404,2.462923995349787,58.902539346067,749551.0573286414,153.78035462624382,145.3446692230579,95.25529785156249,134.69449920654296,174.13370056152343
2025-01-06,162.4600067138672,167.91299438476562,156.6999969482422,165.32000732421875,22029100,8.134836687973518,4.5375301540989845,3.5973065338745336,59.00123211794009,3774587.0254165134,155.22696330751438,146.83295943965,99.2753490447998,137.02449951171874,174.7736499786377
2025-01-13,170.7899932861328,172.99000549316406,158.60000610351562,160.27000427246094,26331100,8.870086926262417,4.218224313910307,4.65186261235211,62.37813436638068,147483335.29712775,157.82080163728412,148.9161797741268,101.41034812927246,139.8524990081787,178.29464988708497
2025-01-20,174.1199951171875,177.8000030517578,172.35000610351562,172.75,17011100,9.610695242769339,3.9670661043337825,5.643629138435556,63.66650183924597,86925774.53121218,160.53733388393468,151.10781589091468,104.77684745788574,143.1304988861084,181.48415031433106
2025-01-27,181.50999450683594,188.42999267578125,170.10000610351562,171.61000061035156,32322200,10.670935952109772,4.021845450939373,6.6490905011704,66.4151985483497,188215950.35846722,164.0327773210849,153.75148359664698,106.45584983825682,146.52249870300292,186.58914756774902
2025-02-03,184.02999877929688,190.9199981689453,175.25,176.1699981689453,24531900,11.581028746665538,3.94555059639611,7.635478150269428,67.3230253662659,103952311.99387872,167.36564756412025,156.38439796035567,108.64385108947754,150.21049880981445,191.77714653015136
2025-02-10,187.60000610351562,193.0,178.52000427246094,185.85499572753906,23739400,12.446873785395752,3.8491165081010585,8.597757277294694,68.61723303298233,91150658.5796653,170.7380406540195,159.09879866845654,111.16535263061525,153.89449920654297,196.6236457824707
2025-02-17,177.88999938964844,194.39999389648438,176.35000610351562,193.60000610351562,23145900,12.208810259814413,2.8888423860157744,9.319967873798639,61.4843983091369,-119447676.73911059,171.93003377662433,160.73281612247325,112.72185478210449,157.05299911499023,201.38414344787597
2025-02-24,177.10000610351562,187.9499969482422,160.66000366210938,177.5800018310547,55750200,11.82014210429918,2.0001393844004323,9.820002719898747,60.929459827973034,-69177414.71341121,172.79169583110624,162.15605003386827,113.37135620117188,159.70649948120118,206.0416427612305
2025-03-03,158.91000366210938,180.9499969482422,148.49000549316406,178.6999969482422,40227000,9.929873216711542,0.08789639745023514,9.841976819261307,49.78681477526389,-510878623.71143657,170.47808046960677,161.87378513197618,111.85085716247559,161.67499961853028,211.49914207458497
2025-03-10,156.11000061035156,156.4980010986328,146.0,151.3000030517578,35340100,8.112370303883466,-1.3836852123022716,9.496055516185738,48.32189004074043,-236261133.13676307,168.08340049306423,161.37258647792186,113.08335723876954,163.6784996032715,214.27364196777344
2025-03-17,158.38999938964844,158.82000732421875,149.8300018310547,156.2949981689453,19221100,6.7778323653565735,-2.1745785206633315,8.952410886019905,49.621774142108386,-49537654.68775893,166.46783364249492,161.11323107894157,115.07085685729982,165.82349967956543,216.57614250183104
2025-03-24,150.6300048828125,166.7899932861328,148.38999938964844,161.34500122070312,18017000,5.035983052684941,-3.1331422666679725,8.169125319352913,45.433053303270576,-109720432.24902835,163.8281955158812,160.20164619232165,115.55735740661623,167.31049995422364,219.06364250183105
2025-03-31,130.52999877929688,155.6999969482422,125.48999786376953,145.85000610351562,31813100,2.0104768871753436,-4.926918745742056,6.9373956329174,36.77401537653066,-462869146.86417806,158.2784960597838,157.62150293901516,113.30935707092286,167.53899993896485,221.76864280700684
2025-04-07,144.9600067138672,151.9499969482422,120.0999984741211,120.69999694824219,32754300,0.7682664002924753,-4.93530338609994,5.703569786392415,44.893942354939036,160806823.63947156,156.05874783546437,156.52050326726317,115.46285705566405,166.41500015258788,217.3671432495117
2025-04-14,143.42999267578125,150.68499755859375,142.18499755859375,149.0,10674800,-0.3357830087113882,-4.831482236083042,4.495699227371654,44.24510583006674,42713878.64398402,153.95395530885054,155.38219799843864,114.26785507202146,164.84649963378905,215.42514419555664
2025-04-21,158.39999389648438,160.57000732421875,135.37899780273438,142.0,22840100,-0.0027642658667446085,-3.5987707945907195,3.596006528723975,51.61364734870992,242182176.13531563,154.69496174012286,155.64461503305134,111.6737030029297,163.58449935913086,215.49529571533202
2025-04-28,159.6699981689453,161.4799041748047,156.52000427246094,158.27999877929688,2297135,0.3594902383345584,-2.5892130323115334,2.948703270646092,52.19091471021137,82672306.22138493,155.52413447825992,155.99464834921605,113.4802177429199,163.18449935913085,212.8887809753418
